<?xml version="1.0"?>
<ss:Workbook xmlns:ss="urn:schemas-microsoft-com:office:spreadsheet">
<ss:Styles><ss:Style ss:ID="1"><ss:Font ss:Bold="1"/></ss:Style></ss:Styles>
<ss:Worksheet ss:Name="Sqliteman Export">
<ss:Table>
<ss:Column ss:Width="100"/>
<ss:Column ss:Width="100"/>
<ss:Column ss:Width="100"/>
<ss:Column ss:Width="100"/>
<ss:Row ss:StyleID="1">
<ss:Cell><ss:Data ss:Type="String">run</ss:Data></ss:Cell>
<ss:Cell><ss:Data ss:Type="String">name</ss:Data></ss:Cell>
<ss:Cell><ss:Data ss:Type="String">variable</ss:Data></ss:Cell>
<ss:Cell><ss:Data ss:Type="String">value</ss:Data></ss:Cell>
</ss:Row>
<ss:Row>
<ss:Cell><ss:Data ss:Type="String">run-1-P1QAP2-0.008</ss:Data></ss:Cell>
<ss:Cell><ss:Data ss:Type="String">node[0]</ss:Data></ss:Cell>
<ss:Cell><ss:Data ss:Type="String">wifi-tx-frames</ss:Data></ss:Cell>
<ss:Cell><ss:Data ss:Type="String">2501</ss:Data></ss:Cell>
</ss:Row>
<ss:Row>
<ss:Cell><ss:Data ss:Type="String">run-1-P1QAP2-0.008</ss:Data></ss:Cell>
<ss:Cell><ss:Data ss:Type="String">node[1]</ss:Data></ss:Cell>
<ss:Cell><ss:Data ss:Type="String">wifi-rx-frames</ss:Data></ss:Cell>
<ss:Cell><ss:Data ss:Type="String">2501</ss:Data></ss:Cell>
</ss:Row>
<ss:Row>
<ss:Cell><ss:Data ss:Type="String">run-1-P1QAP2-0.008</ss:Data></ss:Cell>
<ss:Cell><ss:Data ss:Type="String">node[0]</ss:Data></ss:Cell>
<ss:Cell><ss:Data ss:Type="String">sender-tx-packets</ss:Data></ss:Cell>
<ss:Cell><ss:Data ss:Type="String">2500</ss:Data></ss:Cell>
</ss:Row>
<ss:Row>
<ss:Cell><ss:Data ss:Type="String">run-1-P1QAP2-0.008</ss:Data></ss:Cell>
<ss:Cell><ss:Data ss:Type="String">node[1]</ss:Data></ss:Cell>
<ss:Cell><ss:Data ss:Type="String">receiver-rx-packets</ss:Data></ss:Cell>
<ss:Cell><ss:Data ss:Type="String">2500</ss:Data></ss:Cell>
</ss:Row>
<ss:Row>
<ss:Cell><ss:Data ss:Type="String">run-1-P1QAP2-0.008</ss:Data></ss:Cell>
<ss:Cell><ss:Data ss:Type="String">node[0]</ss:Data></ss:Cell>
<ss:Cell><ss:Data ss:Type="String">tx-pkt-size-count</ss:Data></ss:Cell>
<ss:Cell><ss:Data ss:Type="String">2500</ss:Data></ss:Cell>
</ss:Row>
<ss:Row>
<ss:Cell><ss:Data ss:Type="String">run-1-P1QAP2-0.008</ss:Data></ss:Cell>
<ss:Cell><ss:Data ss:Type="String">node[0]</ss:Data></ss:Cell>
<ss:Cell><ss:Data ss:Type="String">tx-pkt-size-total</ss:Data></ss:Cell>
<ss:Cell><ss:Data ss:Type="String">2500000</ss:Data></ss:Cell>
</ss:Row>
<ss:Row>
<ss:Cell><ss:Data ss:Type="String">run-1-P1QAP2-0.008</ss:Data></ss:Cell>
<ss:Cell><ss:Data ss:Type="String">node[0]</ss:Data></ss:Cell>
<ss:Cell><ss:Data ss:Type="String">tx-pkt-size-max</ss:Data></ss:Cell>
<ss:Cell><ss:Data ss:Type="String">1000</ss:Data></ss:Cell>
</ss:Row>
<ss:Row>
<ss:Cell><ss:Data ss:Type="String">run-1-P1QAP2-0.008</ss:Data></ss:Cell>
<ss:Cell><ss:Data ss:Type="String">node[0]</ss:Data></ss:Cell>
<ss:Cell><ss:Data ss:Type="String">tx-pkt-size-min</ss:Data></ss:Cell>
<ss:Cell><ss:Data ss:Type="String">1000</ss:Data></ss:Cell>
</ss:Row>
<ss:Row>
<ss:Cell><ss:Data ss:Type="String">run-1-P1QAP2-0.008</ss:Data></ss:Cell>
<ss:Cell><ss:Data ss:Type="String">node[0]</ss:Data></ss:Cell>
<ss:Cell><ss:Data ss:Type="String">tx-pkt-size-sqrsum</ss:Data></ss:Cell>
<ss:Cell><ss:Data ss:Type="String">2500000000</ss:Data></ss:Cell>
</ss:Row>
<ss:Row>
<ss:Cell><ss:Data ss:Type="String">run-1-P1QAP2-0.008</ss:Data></ss:Cell>
<ss:Cell><ss:Data ss:Type="String">node[0]</ss:Data></ss:Cell>
<ss:Cell><ss:Data ss:Type="String">tx-pkt-size-stddev</ss:Data></ss:Cell>
<ss:Cell><ss:Data ss:Type="String">0</ss:Data></ss:Cell>
</ss:Row>
<ss:Row>
<ss:Cell><ss:Data ss:Type="String">run-1-P1QAP2-0.008</ss:Data></ss:Cell>
<ss:Cell><ss:Data ss:Type="String">.</ss:Data></ss:Cell>
<ss:Cell><ss:Data ss:Type="String">delay-count</ss:Data></ss:Cell>
<ss:Cell><ss:Data ss:Type="String">2500</ss:Data></ss:Cell>
</ss:Row>
<ss:Row>
<ss:Cell><ss:Data ss:Type="String">run-1-P1QAP2-0.008</ss:Data></ss:Cell>
<ss:Cell><ss:Data ss:Type="String">.</ss:Data></ss:Cell>
<ss:Cell><ss:Data ss:Type="String">delay-total</ss:Data></ss:Cell>
<ss:Cell><ss:Data ss:Type="String">1102533332</ss:Data></ss:Cell>
</ss:Row>
<ss:Row>
<ss:Cell><ss:Data ss:Type="String">run-1-P1QAP2-0.008</ss:Data></ss:Cell>
<ss:Cell><ss:Data ss:Type="String">.</ss:Data></ss:Cell>
<ss:Cell><ss:Data ss:Type="String">delay-average</ss:Data></ss:Cell>
<ss:Cell><ss:Data ss:Type="String">441013</ss:Data></ss:Cell>
</ss:Row>
<ss:Row>
<ss:Cell><ss:Data ss:Type="String">run-1-P1QAP2-0.008</ss:Data></ss:Cell>
<ss:Cell><ss:Data ss:Type="String">.</ss:Data></ss:Cell>
<ss:Cell><ss:Data ss:Type="String">delay-max</ss:Data></ss:Cell>
<ss:Cell><ss:Data ss:Type="String">5877498</ss:Data></ss:Cell>
</ss:Row>
<ss:Row>
<ss:Cell><ss:Data ss:Type="String">run-1-P1QAP2-0.008</ss:Data></ss:Cell>
<ss:Cell><ss:Data ss:Type="String">.</ss:Data></ss:Cell>
<ss:Cell><ss:Data ss:Type="String">delay-min</ss:Data></ss:Cell>
<ss:Cell><ss:Data ss:Type="String">376166</ss:Data></ss:Cell>
</ss:Row>
<ss:Row>
<ss:Cell><ss:Data ss:Type="String">run-1-P1QAP2-0.0053</ss:Data></ss:Cell>
<ss:Cell><ss:Data ss:Type="String">node[0]</ss:Data></ss:Cell>
<ss:Cell><ss:Data ss:Type="String">wifi-tx-frames</ss:Data></ss:Cell>
<ss:Cell><ss:Data ss:Type="String">3775</ss:Data></ss:Cell>
</ss:Row>
<ss:Row>
<ss:Cell><ss:Data ss:Type="String">run-1-P1QAP2-0.0053</ss:Data></ss:Cell>
<ss:Cell><ss:Data ss:Type="String">node[1]</ss:Data></ss:Cell>
<ss:Cell><ss:Data ss:Type="String">wifi-rx-frames</ss:Data></ss:Cell>
<ss:Cell><ss:Data ss:Type="String">3775</ss:Data></ss:Cell>
</ss:Row>
<ss:Row>
<ss:Cell><ss:Data ss:Type="String">run-1-P1QAP2-0.0053</ss:Data></ss:Cell>
<ss:Cell><ss:Data ss:Type="String">node[0]</ss:Data></ss:Cell>
<ss:Cell><ss:Data ss:Type="String">sender-tx-packets</ss:Data></ss:Cell>
<ss:Cell><ss:Data ss:Type="String">3774</ss:Data></ss:Cell>
</ss:Row>
<ss:Row>
<ss:Cell><ss:Data ss:Type="String">run-1-P1QAP2-0.0053</ss:Data></ss:Cell>
<ss:Cell><ss:Data ss:Type="String">node[1]</ss:Data></ss:Cell>
<ss:Cell><ss:Data ss:Type="String">receiver-rx-packets</ss:Data></ss:Cell>
<ss:Cell><ss:Data ss:Type="String">3774</ss:Data></ss:Cell>
</ss:Row>
<ss:Row>
<ss:Cell><ss:Data ss:Type="String">run-1-P1QAP2-0.0053</ss:Data></ss:Cell>
<ss:Cell><ss:Data ss:Type="String">node[0]</ss:Data></ss:Cell>
<ss:Cell><ss:Data ss:Type="String">tx-pkt-size-count</ss:Data></ss:Cell>
<ss:Cell><ss:Data ss:Type="String">3774</ss:Data></ss:Cell>
</ss:Row>
<ss:Row>
<ss:Cell><ss:Data ss:Type="String">run-1-P1QAP2-0.0053</ss:Data></ss:Cell>
<ss:Cell><ss:Data ss:Type="String">node[0]</ss:Data></ss:Cell>
<ss:Cell><ss:Data ss:Type="String">tx-pkt-size-total</ss:Data></ss:Cell>
<ss:Cell><ss:Data ss:Type="String">3774000</ss:Data></ss:Cell>
</ss:Row>
<ss:Row>
<ss:Cell><ss:Data ss:Type="String">run-1-P1QAP2-0.0053</ss:Data></ss:Cell>
<ss:Cell><ss:Data ss:Type="String">node[0]</ss:Data></ss:Cell>
<ss:Cell><ss:Data ss:Type="String">tx-pkt-size-max</ss:Data></ss:Cell>
<ss:Cell><ss:Data ss:Type="String">1000</ss:Data></ss:Cell>
</ss:Row>
<ss:Row>
<ss:Cell><ss:Data ss:Type="String">run-1-P1QAP2-0.0053</ss:Data></ss:Cell>
<ss:Cell><ss:Data ss:Type="String">node[0]</ss:Data></ss:Cell>
<ss:Cell><ss:Data ss:Type="String">tx-pkt-size-min</ss:Data></ss:Cell>
<ss:Cell><ss:Data ss:Type="String">1000</ss:Data></ss:Cell>
</ss:Row>
<ss:Row>
<ss:Cell><ss:Data ss:Type="String">run-1-P1QAP2-0.0053</ss:Data></ss:Cell>
<ss:Cell><ss:Data ss:Type="String">node[0]</ss:Data></ss:Cell>
<ss:Cell><ss:Data ss:Type="String">tx-pkt-size-sqrsum</ss:Data></ss:Cell>
<ss:Cell><ss:Data ss:Type="String">3774000000</ss:Data></ss:Cell>
</ss:Row>
<ss:Row>
<ss:Cell><ss:Data ss:Type="String">run-1-P1QAP2-0.0053</ss:Data></ss:Cell>
<ss:Cell><ss:Data ss:Type="String">node[0]</ss:Data></ss:Cell>
<ss:Cell><ss:Data ss:Type="String">tx-pkt-size-stddev</ss:Data></ss:Cell>
<ss:Cell><ss:Data ss:Type="String">0</ss:Data></ss:Cell>
</ss:Row>
<ss:Row>
<ss:Cell><ss:Data ss:Type="String">run-1-P1QAP2-0.0053</ss:Data></ss:Cell>
<ss:Cell><ss:Data ss:Type="String">.</ss:Data></ss:Cell>
<ss:Cell><ss:Data ss:Type="String">delay-count</ss:Data></ss:Cell>
<ss:Cell><ss:Data ss:Type="String">3774</ss:Data></ss:Cell>
</ss:Row>
<ss:Row>
<ss:Cell><ss:Data ss:Type="String">run-1-P1QAP2-0.0053</ss:Data></ss:Cell>
<ss:Cell><ss:Data ss:Type="String">.</ss:Data></ss:Cell>
<ss:Cell><ss:Data ss:Type="String">delay-total</ss:Data></ss:Cell>
<ss:Cell><ss:Data ss:Type="String">1649679480</ss:Data></ss:Cell>
</ss:Row>
<ss:Row>
<ss:Cell><ss:Data ss:Type="String">run-1-P1QAP2-0.0053</ss:Data></ss:Cell>
<ss:Cell><ss:Data ss:Type="String">.</ss:Data></ss:Cell>
<ss:Cell><ss:Data ss:Type="String">delay-average</ss:Data></ss:Cell>
<ss:Cell><ss:Data ss:Type="String">437116</ss:Data></ss:Cell>
</ss:Row>
<ss:Row>
<ss:Cell><ss:Data ss:Type="String">run-1-P1QAP2-0.0053</ss:Data></ss:Cell>
<ss:Cell><ss:Data ss:Type="String">.</ss:Data></ss:Cell>
<ss:Cell><ss:Data ss:Type="String">delay-max</ss:Data></ss:Cell>
<ss:Cell><ss:Data ss:Type="String">5877498</ss:Data></ss:Cell>
</ss:Row>
<ss:Row>
<ss:Cell><ss:Data ss:Type="String">run-1-P1QAP2-0.0053</ss:Data></ss:Cell>
<ss:Cell><ss:Data ss:Type="String">.</ss:Data></ss:Cell>
<ss:Cell><ss:Data ss:Type="String">delay-min</ss:Data></ss:Cell>
<ss:Cell><ss:Data ss:Type="String">376166</ss:Data></ss:Cell>
</ss:Row>
<ss:Row>
<ss:Cell><ss:Data ss:Type="String">run-1-P1QAP2-0.0016</ss:Data></ss:Cell>
<ss:Cell><ss:Data ss:Type="String">node[0]</ss:Data></ss:Cell>
<ss:Cell><ss:Data ss:Type="String">wifi-tx-frames</ss:Data></ss:Cell>
<ss:Cell><ss:Data ss:Type="String">12501</ss:Data></ss:Cell>
</ss:Row>
<ss:Row>
<ss:Cell><ss:Data ss:Type="String">run-1-P1QAP2-0.0016</ss:Data></ss:Cell>
<ss:Cell><ss:Data ss:Type="String">node[1]</ss:Data></ss:Cell>
<ss:Cell><ss:Data ss:Type="String">wifi-rx-frames</ss:Data></ss:Cell>
<ss:Cell><ss:Data ss:Type="String">12501</ss:Data></ss:Cell>
</ss:Row>
<ss:Row>
<ss:Cell><ss:Data ss:Type="String">run-1-P1QAP2-0.0016</ss:Data></ss:Cell>
<ss:Cell><ss:Data ss:Type="String">node[0]</ss:Data></ss:Cell>
<ss:Cell><ss:Data ss:Type="String">sender-tx-packets</ss:Data></ss:Cell>
<ss:Cell><ss:Data ss:Type="String">12500</ss:Data></ss:Cell>
</ss:Row>
<ss:Row>
<ss:Cell><ss:Data ss:Type="String">run-1-P1QAP2-0.0016</ss:Data></ss:Cell>
<ss:Cell><ss:Data ss:Type="String">node[1]</ss:Data></ss:Cell>
<ss:Cell><ss:Data ss:Type="String">receiver-rx-packets</ss:Data></ss:Cell>
<ss:Cell><ss:Data ss:Type="String">12500</ss:Data></ss:Cell>
</ss:Row>
<ss:Row>
<ss:Cell><ss:Data ss:Type="String">run-1-P1QAP2-0.0016</ss:Data></ss:Cell>
<ss:Cell><ss:Data ss:Type="String">node[0]</ss:Data></ss:Cell>
<ss:Cell><ss:Data ss:Type="String">tx-pkt-size-count</ss:Data></ss:Cell>
<ss:Cell><ss:Data ss:Type="String">12500</ss:Data></ss:Cell>
</ss:Row>
<ss:Row>
<ss:Cell><ss:Data ss:Type="String">run-1-P1QAP2-0.0016</ss:Data></ss:Cell>
<ss:Cell><ss:Data ss:Type="String">node[0]</ss:Data></ss:Cell>
<ss:Cell><ss:Data ss:Type="String">tx-pkt-size-total</ss:Data></ss:Cell>
<ss:Cell><ss:Data ss:Type="String">12500000</ss:Data></ss:Cell>
</ss:Row>
<ss:Row>
<ss:Cell><ss:Data ss:Type="String">run-1-P1QAP2-0.0016</ss:Data></ss:Cell>
<ss:Cell><ss:Data ss:Type="String">node[0]</ss:Data></ss:Cell>
<ss:Cell><ss:Data ss:Type="String">tx-pkt-size-max</ss:Data></ss:Cell>
<ss:Cell><ss:Data ss:Type="String">1000</ss:Data></ss:Cell>
</ss:Row>
<ss:Row>
<ss:Cell><ss:Data ss:Type="String">run-1-P1QAP2-0.0016</ss:Data></ss:Cell>
<ss:Cell><ss:Data ss:Type="String">node[0]</ss:Data></ss:Cell>
<ss:Cell><ss:Data ss:Type="String">tx-pkt-size-min</ss:Data></ss:Cell>
<ss:Cell><ss:Data ss:Type="String">1000</ss:Data></ss:Cell>
</ss:Row>
<ss:Row>
<ss:Cell><ss:Data ss:Type="String">run-1-P1QAP2-0.0016</ss:Data></ss:Cell>
<ss:Cell><ss:Data ss:Type="String">node[0]</ss:Data></ss:Cell>
<ss:Cell><ss:Data ss:Type="String">tx-pkt-size-sqrsum</ss:Data></ss:Cell>
<ss:Cell><ss:Data ss:Type="String">3910065408</ss:Data></ss:Cell>
</ss:Row>
<ss:Row>
<ss:Cell><ss:Data ss:Type="String">run-1-P1QAP2-0.0016</ss:Data></ss:Cell>
<ss:Cell><ss:Data ss:Type="String">node[0]</ss:Data></ss:Cell>
<ss:Cell><ss:Data ss:Type="String">tx-pkt-size-stddev</ss:Data></ss:Cell>
<ss:Cell><ss:Data ss:Type="String">0</ss:Data></ss:Cell>
</ss:Row>
<ss:Row>
<ss:Cell><ss:Data ss:Type="String">run-1-P1QAP2-0.0016</ss:Data></ss:Cell>
<ss:Cell><ss:Data ss:Type="String">.</ss:Data></ss:Cell>
<ss:Cell><ss:Data ss:Type="String">delay-count</ss:Data></ss:Cell>
<ss:Cell><ss:Data ss:Type="String">12500</ss:Data></ss:Cell>
</ss:Row>
<ss:Row>
<ss:Cell><ss:Data ss:Type="String">run-1-P1QAP2-0.0016</ss:Data></ss:Cell>
<ss:Cell><ss:Data ss:Type="String">.</ss:Data></ss:Cell>
<ss:Cell><ss:Data ss:Type="String">delay-total</ss:Data></ss:Cell>
<ss:Cell><ss:Data ss:Type="String">5484597352</ss:Data></ss:Cell>
</ss:Row>
<ss:Row>
<ss:Cell><ss:Data ss:Type="String">run-1-P1QAP2-0.0016</ss:Data></ss:Cell>
<ss:Cell><ss:Data ss:Type="String">.</ss:Data></ss:Cell>
<ss:Cell><ss:Data ss:Type="String">delay-average</ss:Data></ss:Cell>
<ss:Cell><ss:Data ss:Type="String">438767</ss:Data></ss:Cell>
</ss:Row>
<ss:Row>
<ss:Cell><ss:Data ss:Type="String">run-1-P1QAP2-0.0016</ss:Data></ss:Cell>
<ss:Cell><ss:Data ss:Type="String">.</ss:Data></ss:Cell>
<ss:Cell><ss:Data ss:Type="String">delay-max</ss:Data></ss:Cell>
<ss:Cell><ss:Data ss:Type="String">6024486</ss:Data></ss:Cell>
</ss:Row>
<ss:Row>
<ss:Cell><ss:Data ss:Type="String">run-1-P1QAP2-0.0016</ss:Data></ss:Cell>
<ss:Cell><ss:Data ss:Type="String">.</ss:Data></ss:Cell>
<ss:Cell><ss:Data ss:Type="String">delay-min</ss:Data></ss:Cell>
<ss:Cell><ss:Data ss:Type="String">376166</ss:Data></ss:Cell>
</ss:Row>
<ss:Row>
<ss:Cell><ss:Data ss:Type="String">run-1-P1QAP2-0.0008</ss:Data></ss:Cell>
<ss:Cell><ss:Data ss:Type="String">node[0]</ss:Data></ss:Cell>
<ss:Cell><ss:Data ss:Type="String">wifi-tx-frames</ss:Data></ss:Cell>
<ss:Cell><ss:Data ss:Type="String">24998</ss:Data></ss:Cell>
</ss:Row>
<ss:Row>
<ss:Cell><ss:Data ss:Type="String">run-1-P1QAP2-0.0008</ss:Data></ss:Cell>
<ss:Cell><ss:Data ss:Type="String">node[1]</ss:Data></ss:Cell>
<ss:Cell><ss:Data ss:Type="String">wifi-rx-frames</ss:Data></ss:Cell>
<ss:Cell><ss:Data ss:Type="String">24998</ss:Data></ss:Cell>
</ss:Row>
<ss:Row>
<ss:Cell><ss:Data ss:Type="String">run-1-P1QAP2-0.0008</ss:Data></ss:Cell>
<ss:Cell><ss:Data ss:Type="String">node[0]</ss:Data></ss:Cell>
<ss:Cell><ss:Data ss:Type="String">sender-tx-packets</ss:Data></ss:Cell>
<ss:Cell><ss:Data ss:Type="String">25000</ss:Data></ss:Cell>
</ss:Row>
<ss:Row>
<ss:Cell><ss:Data ss:Type="String">run-1-P1QAP2-0.0008</ss:Data></ss:Cell>
<ss:Cell><ss:Data ss:Type="String">node[1]</ss:Data></ss:Cell>
<ss:Cell><ss:Data ss:Type="String">receiver-rx-packets</ss:Data></ss:Cell>
<ss:Cell><ss:Data ss:Type="String">24997</ss:Data></ss:Cell>
</ss:Row>
<ss:Row>
<ss:Cell><ss:Data ss:Type="String">run-1-P1QAP2-0.0008</ss:Data></ss:Cell>
<ss:Cell><ss:Data ss:Type="String">node[0]</ss:Data></ss:Cell>
<ss:Cell><ss:Data ss:Type="String">tx-pkt-size-count</ss:Data></ss:Cell>
<ss:Cell><ss:Data ss:Type="String">25000</ss:Data></ss:Cell>
</ss:Row>
<ss:Row>
<ss:Cell><ss:Data ss:Type="String">run-1-P1QAP2-0.0008</ss:Data></ss:Cell>
<ss:Cell><ss:Data ss:Type="String">node[0]</ss:Data></ss:Cell>
<ss:Cell><ss:Data ss:Type="String">tx-pkt-size-total</ss:Data></ss:Cell>
<ss:Cell><ss:Data ss:Type="String">25000000</ss:Data></ss:Cell>
</ss:Row>
<ss:Row>
<ss:Cell><ss:Data ss:Type="String">run-1-P1QAP2-0.0008</ss:Data></ss:Cell>
<ss:Cell><ss:Data ss:Type="String">node[0]</ss:Data></ss:Cell>
<ss:Cell><ss:Data ss:Type="String">tx-pkt-size-max</ss:Data></ss:Cell>
<ss:Cell><ss:Data ss:Type="String">1000</ss:Data></ss:Cell>
</ss:Row>
<ss:Row>
<ss:Cell><ss:Data ss:Type="String">run-1-P1QAP2-0.0008</ss:Data></ss:Cell>
<ss:Cell><ss:Data ss:Type="String">node[0]</ss:Data></ss:Cell>
<ss:Cell><ss:Data ss:Type="String">tx-pkt-size-min</ss:Data></ss:Cell>
<ss:Cell><ss:Data ss:Type="String">1000</ss:Data></ss:Cell>
</ss:Row>
<ss:Row>
<ss:Cell><ss:Data ss:Type="String">run-1-P1QAP2-0.0008</ss:Data></ss:Cell>
<ss:Cell><ss:Data ss:Type="String">node[0]</ss:Data></ss:Cell>
<ss:Cell><ss:Data ss:Type="String">tx-pkt-size-sqrsum</ss:Data></ss:Cell>
<ss:Cell><ss:Data ss:Type="String">3525163520</ss:Data></ss:Cell>
</ss:Row>
<ss:Row>
<ss:Cell><ss:Data ss:Type="String">run-1-P1QAP2-0.0008</ss:Data></ss:Cell>
<ss:Cell><ss:Data ss:Type="String">node[0]</ss:Data></ss:Cell>
<ss:Cell><ss:Data ss:Type="String">tx-pkt-size-stddev</ss:Data></ss:Cell>
<ss:Cell><ss:Data ss:Type="String">0</ss:Data></ss:Cell>
</ss:Row>
<ss:Row>
<ss:Cell><ss:Data ss:Type="String">run-1-P1QAP2-0.0008</ss:Data></ss:Cell>
<ss:Cell><ss:Data ss:Type="String">.</ss:Data></ss:Cell>
<ss:Cell><ss:Data ss:Type="String">delay-count</ss:Data></ss:Cell>
<ss:Cell><ss:Data ss:Type="String">24997</ss:Data></ss:Cell>
</ss:Row>
<ss:Row>
<ss:Cell><ss:Data ss:Type="String">run-1-P1QAP2-0.0008</ss:Data></ss:Cell>
<ss:Cell><ss:Data ss:Type="String">.</ss:Data></ss:Cell>
<ss:Cell><ss:Data ss:Type="String">delay-total</ss:Data></ss:Cell>
<ss:Cell><ss:Data ss:Type="String">12434305114</ss:Data></ss:Cell>
</ss:Row>
<ss:Row>
<ss:Cell><ss:Data ss:Type="String">run-1-P1QAP2-0.0008</ss:Data></ss:Cell>
<ss:Cell><ss:Data ss:Type="String">.</ss:Data></ss:Cell>
<ss:Cell><ss:Data ss:Type="String">delay-average</ss:Data></ss:Cell>
<ss:Cell><ss:Data ss:Type="String">497431</ss:Data></ss:Cell>
</ss:Row>
<ss:Row>
<ss:Cell><ss:Data ss:Type="String">run-1-P1QAP2-0.0008</ss:Data></ss:Cell>
<ss:Cell><ss:Data ss:Type="String">.</ss:Data></ss:Cell>
<ss:Cell><ss:Data ss:Type="String">delay-max</ss:Data></ss:Cell>
<ss:Cell><ss:Data ss:Type="String">15137126</ss:Data></ss:Cell>
</ss:Row>
<ss:Row>
<ss:Cell><ss:Data ss:Type="String">run-1-P1QAP2-0.0008</ss:Data></ss:Cell>
<ss:Cell><ss:Data ss:Type="String">.</ss:Data></ss:Cell>
<ss:Cell><ss:Data ss:Type="String">delay-min</ss:Data></ss:Cell>
<ss:Cell><ss:Data ss:Type="String">376166</ss:Data></ss:Cell>
</ss:Row>
<ss:Row>
<ss:Cell><ss:Data ss:Type="String">run-1-P1QAP2-0.0004</ss:Data></ss:Cell>
<ss:Cell><ss:Data ss:Type="String">node[0]</ss:Data></ss:Cell>
<ss:Cell><ss:Data ss:Type="String">wifi-tx-frames</ss:Data></ss:Cell>
<ss:Cell><ss:Data ss:Type="String">49993</ss:Data></ss:Cell>
</ss:Row>
<ss:Row>
<ss:Cell><ss:Data ss:Type="String">run-1-P1QAP2-0.0004</ss:Data></ss:Cell>
<ss:Cell><ss:Data ss:Type="String">node[1]</ss:Data></ss:Cell>
<ss:Cell><ss:Data ss:Type="String">wifi-rx-frames</ss:Data></ss:Cell>
<ss:Cell><ss:Data ss:Type="String">34369</ss:Data></ss:Cell>
</ss:Row>
<ss:Row>
<ss:Cell><ss:Data ss:Type="String">run-1-P1QAP2-0.0004</ss:Data></ss:Cell>
<ss:Cell><ss:Data ss:Type="String">node[0]</ss:Data></ss:Cell>
<ss:Cell><ss:Data ss:Type="String">sender-tx-packets</ss:Data></ss:Cell>
<ss:Cell><ss:Data ss:Type="String">50000</ss:Data></ss:Cell>
</ss:Row>
<ss:Row>
<ss:Cell><ss:Data ss:Type="String">run-1-P1QAP2-0.0004</ss:Data></ss:Cell>
<ss:Cell><ss:Data ss:Type="String">node[1]</ss:Data></ss:Cell>
<ss:Cell><ss:Data ss:Type="String">receiver-rx-packets</ss:Data></ss:Cell>
<ss:Cell><ss:Data ss:Type="String">34368</ss:Data></ss:Cell>
</ss:Row>
<ss:Row>
<ss:Cell><ss:Data ss:Type="String">run-1-P1QAP2-0.0004</ss:Data></ss:Cell>
<ss:Cell><ss:Data ss:Type="String">node[0]</ss:Data></ss:Cell>
<ss:Cell><ss:Data ss:Type="String">tx-pkt-size-count</ss:Data></ss:Cell>
<ss:Cell><ss:Data ss:Type="String">50000</ss:Data></ss:Cell>
</ss:Row>
<ss:Row>
<ss:Cell><ss:Data ss:Type="String">run-1-P1QAP2-0.0004</ss:Data></ss:Cell>
<ss:Cell><ss:Data ss:Type="String">node[0]</ss:Data></ss:Cell>
<ss:Cell><ss:Data ss:Type="String">tx-pkt-size-total</ss:Data></ss:Cell>
<ss:Cell><ss:Data ss:Type="String">50000000</ss:Data></ss:Cell>
</ss:Row>
<ss:Row>
<ss:Cell><ss:Data ss:Type="String">run-1-P1QAP2-0.0004</ss:Data></ss:Cell>
<ss:Cell><ss:Data ss:Type="String">node[0]</ss:Data></ss:Cell>
<ss:Cell><ss:Data ss:Type="String">tx-pkt-size-max</ss:Data></ss:Cell>
<ss:Cell><ss:Data ss:Type="String">1000</ss:Data></ss:Cell>
</ss:Row>
<ss:Row>
<ss:Cell><ss:Data ss:Type="String">run-1-P1QAP2-0.0004</ss:Data></ss:Cell>
<ss:Cell><ss:Data ss:Type="String">node[0]</ss:Data></ss:Cell>
<ss:Cell><ss:Data ss:Type="String">tx-pkt-size-min</ss:Data></ss:Cell>
<ss:Cell><ss:Data ss:Type="String">1000</ss:Data></ss:Cell>
</ss:Row>
<ss:Row>
<ss:Cell><ss:Data ss:Type="String">run-1-P1QAP2-0.0004</ss:Data></ss:Cell>
<ss:Cell><ss:Data ss:Type="String">node[0]</ss:Data></ss:Cell>
<ss:Cell><ss:Data ss:Type="String">tx-pkt-size-sqrsum</ss:Data></ss:Cell>
<ss:Cell><ss:Data ss:Type="String">2755359744</ss:Data></ss:Cell>
</ss:Row>
<ss:Row>
<ss:Cell><ss:Data ss:Type="String">run-1-P1QAP2-0.0004</ss:Data></ss:Cell>
<ss:Cell><ss:Data ss:Type="String">node[0]</ss:Data></ss:Cell>
<ss:Cell><ss:Data ss:Type="String">tx-pkt-size-stddev</ss:Data></ss:Cell>
<ss:Cell><ss:Data ss:Type="String">0</ss:Data></ss:Cell>
</ss:Row>
<ss:Row>
<ss:Cell><ss:Data ss:Type="String">run-1-P1QAP2-0.0004</ss:Data></ss:Cell>
<ss:Cell><ss:Data ss:Type="String">.</ss:Data></ss:Cell>
<ss:Cell><ss:Data ss:Type="String">delay-count</ss:Data></ss:Cell>
<ss:Cell><ss:Data ss:Type="String">34368</ss:Data></ss:Cell>
</ss:Row>
<ss:Row>
<ss:Cell><ss:Data ss:Type="String">run-1-P1QAP2-0.0004</ss:Data></ss:Cell>
<ss:Cell><ss:Data ss:Type="String">.</ss:Data></ss:Cell>
<ss:Cell><ss:Data ss:Type="String">delay-total</ss:Data></ss:Cell>
<ss:Cell><ss:Data ss:Type="String">7873637069728</ss:Data></ss:Cell>
</ss:Row>
<ss:Row>
<ss:Cell><ss:Data ss:Type="String">run-1-P1QAP2-0.0004</ss:Data></ss:Cell>
<ss:Cell><ss:Data ss:Type="String">.</ss:Data></ss:Cell>
<ss:Cell><ss:Data ss:Type="String">delay-average</ss:Data></ss:Cell>
<ss:Cell><ss:Data ss:Type="String">229097912</ss:Data></ss:Cell>
</ss:Row>
<ss:Row>
<ss:Cell><ss:Data ss:Type="String">run-1-P1QAP2-0.0004</ss:Data></ss:Cell>
<ss:Cell><ss:Data ss:Type="String">.</ss:Data></ss:Cell>
<ss:Cell><ss:Data ss:Type="String">delay-max</ss:Data></ss:Cell>
<ss:Cell><ss:Data ss:Type="String">237624366</ss:Data></ss:Cell>
</ss:Row>
<ss:Row>
<ss:Cell><ss:Data ss:Type="String">run-1-P1QAP2-0.0004</ss:Data></ss:Cell>
<ss:Cell><ss:Data ss:Type="String">.</ss:Data></ss:Cell>
<ss:Cell><ss:Data ss:Type="String">delay-min</ss:Data></ss:Cell>
<ss:Cell><ss:Data ss:Type="String">5877498</ss:Data></ss:Cell>
</ss:Row>
</ss:Table>
</ss:Worksheet>
</ss:Workbook>
