<?xml version="1.0"?>
<ss:Workbook xmlns:ss="urn:schemas-microsoft-com:office:spreadsheet">
<ss:Styles><ss:Style ss:ID="1"><ss:Font ss:Bold="1"/></ss:Style></ss:Styles>
<ss:Worksheet ss:Name="Sqliteman Export">
<ss:Table>
<ss:Column ss:Width="100"/>
<ss:Column ss:Width="100"/>
<ss:Column ss:Width="100"/>
<ss:Column ss:Width="100"/>
<ss:Row ss:StyleID="1">
<ss:Cell><ss:Data ss:Type="String">run</ss:Data></ss:Cell>
<ss:Cell><ss:Data ss:Type="String">name</ss:Data></ss:Cell>
<ss:Cell><ss:Data ss:Type="String">variable</ss:Data></ss:Cell>
<ss:Cell><ss:Data ss:Type="String">value</ss:Data></ss:Cell>
</ss:Row>
<ss:Row>
<ss:Cell><ss:Data ss:Type="String">run-1-P1QB-0</ss:Data></ss:Cell>
<ss:Cell><ss:Data ss:Type="String">node[0]</ss:Data></ss:Cell>
<ss:Cell><ss:Data ss:Type="String">wifi-tx-frames</ss:Data></ss:Cell>
<ss:Cell><ss:Data ss:Type="String">401</ss:Data></ss:Cell>
</ss:Row>
<ss:Row>
<ss:Cell><ss:Data ss:Type="String">run-1-P1QB-0</ss:Data></ss:Cell>
<ss:Cell><ss:Data ss:Type="String">node[1]</ss:Data></ss:Cell>
<ss:Cell><ss:Data ss:Type="String">wifi-rx-frames</ss:Data></ss:Cell>
<ss:Cell><ss:Data ss:Type="String">401</ss:Data></ss:Cell>
</ss:Row>
<ss:Row>
<ss:Cell><ss:Data ss:Type="String">run-1-P1QB-0</ss:Data></ss:Cell>
<ss:Cell><ss:Data ss:Type="String">node[0]</ss:Data></ss:Cell>
<ss:Cell><ss:Data ss:Type="String">sender-tx-packets</ss:Data></ss:Cell>
<ss:Cell><ss:Data ss:Type="String">400</ss:Data></ss:Cell>
</ss:Row>
<ss:Row>
<ss:Cell><ss:Data ss:Type="String">run-1-P1QB-0</ss:Data></ss:Cell>
<ss:Cell><ss:Data ss:Type="String">node[1]</ss:Data></ss:Cell>
<ss:Cell><ss:Data ss:Type="String">receiver-rx-packets</ss:Data></ss:Cell>
<ss:Cell><ss:Data ss:Type="String">400</ss:Data></ss:Cell>
</ss:Row>
<ss:Row>
<ss:Cell><ss:Data ss:Type="String">run-1-P1QB-0</ss:Data></ss:Cell>
<ss:Cell><ss:Data ss:Type="String">node[0]</ss:Data></ss:Cell>
<ss:Cell><ss:Data ss:Type="String">tx-pkt-size-count</ss:Data></ss:Cell>
<ss:Cell><ss:Data ss:Type="String">400</ss:Data></ss:Cell>
</ss:Row>
<ss:Row>
<ss:Cell><ss:Data ss:Type="String">run-1-P1QB-0</ss:Data></ss:Cell>
<ss:Cell><ss:Data ss:Type="String">node[0]</ss:Data></ss:Cell>
<ss:Cell><ss:Data ss:Type="String">tx-pkt-size-total</ss:Data></ss:Cell>
<ss:Cell><ss:Data ss:Type="String">400000</ss:Data></ss:Cell>
</ss:Row>
<ss:Row>
<ss:Cell><ss:Data ss:Type="String">run-1-P1QB-0</ss:Data></ss:Cell>
<ss:Cell><ss:Data ss:Type="String">node[0]</ss:Data></ss:Cell>
<ss:Cell><ss:Data ss:Type="String">tx-pkt-size-max</ss:Data></ss:Cell>
<ss:Cell><ss:Data ss:Type="String">1000</ss:Data></ss:Cell>
</ss:Row>
<ss:Row>
<ss:Cell><ss:Data ss:Type="String">run-1-P1QB-0</ss:Data></ss:Cell>
<ss:Cell><ss:Data ss:Type="String">node[0]</ss:Data></ss:Cell>
<ss:Cell><ss:Data ss:Type="String">tx-pkt-size-min</ss:Data></ss:Cell>
<ss:Cell><ss:Data ss:Type="String">1000</ss:Data></ss:Cell>
</ss:Row>
<ss:Row>
<ss:Cell><ss:Data ss:Type="String">run-1-P1QB-0</ss:Data></ss:Cell>
<ss:Cell><ss:Data ss:Type="String">node[0]</ss:Data></ss:Cell>
<ss:Cell><ss:Data ss:Type="String">tx-pkt-size-sqrsum</ss:Data></ss:Cell>
<ss:Cell><ss:Data ss:Type="String">400000000</ss:Data></ss:Cell>
</ss:Row>
<ss:Row>
<ss:Cell><ss:Data ss:Type="String">run-1-P1QB-0</ss:Data></ss:Cell>
<ss:Cell><ss:Data ss:Type="String">node[0]</ss:Data></ss:Cell>
<ss:Cell><ss:Data ss:Type="String">tx-pkt-size-stddev</ss:Data></ss:Cell>
<ss:Cell><ss:Data ss:Type="String">0</ss:Data></ss:Cell>
</ss:Row>
<ss:Row>
<ss:Cell><ss:Data ss:Type="String">run-1-P1QB-0</ss:Data></ss:Cell>
<ss:Cell><ss:Data ss:Type="String">.</ss:Data></ss:Cell>
<ss:Cell><ss:Data ss:Type="String">delay-count</ss:Data></ss:Cell>
<ss:Cell><ss:Data ss:Type="String">400</ss:Data></ss:Cell>
</ss:Row>
<ss:Row>
<ss:Cell><ss:Data ss:Type="String">run-1-P1QB-0</ss:Data></ss:Cell>
<ss:Cell><ss:Data ss:Type="String">.</ss:Data></ss:Cell>
<ss:Cell><ss:Data ss:Type="String">delay-total</ss:Data></ss:Cell>
<ss:Cell><ss:Data ss:Type="String">108633000</ss:Data></ss:Cell>
</ss:Row>
<ss:Row>
<ss:Cell><ss:Data ss:Type="String">run-1-P1QB-0</ss:Data></ss:Cell>
<ss:Cell><ss:Data ss:Type="String">.</ss:Data></ss:Cell>
<ss:Cell><ss:Data ss:Type="String">delay-average</ss:Data></ss:Cell>
<ss:Cell><ss:Data ss:Type="String">271582</ss:Data></ss:Cell>
</ss:Row>
<ss:Row>
<ss:Cell><ss:Data ss:Type="String">run-1-P1QB-0</ss:Data></ss:Cell>
<ss:Cell><ss:Data ss:Type="String">.</ss:Data></ss:Cell>
<ss:Cell><ss:Data ss:Type="String">delay-max</ss:Data></ss:Cell>
<ss:Cell><ss:Data ss:Type="String">5877000</ss:Data></ss:Cell>
</ss:Row>
<ss:Row>
<ss:Cell><ss:Data ss:Type="String">run-1-P1QB-0</ss:Data></ss:Cell>
<ss:Cell><ss:Data ss:Type="String">.</ss:Data></ss:Cell>
<ss:Cell><ss:Data ss:Type="String">delay-min</ss:Data></ss:Cell>
<ss:Cell><ss:Data ss:Type="String">180000</ss:Data></ss:Cell>
</ss:Row>
<ss:Row>
<ss:Cell><ss:Data ss:Type="String">run-1-P1QB-10</ss:Data></ss:Cell>
<ss:Cell><ss:Data ss:Type="String">node[0]</ss:Data></ss:Cell>
<ss:Cell><ss:Data ss:Type="String">wifi-tx-frames</ss:Data></ss:Cell>
<ss:Cell><ss:Data ss:Type="String">401</ss:Data></ss:Cell>
</ss:Row>
<ss:Row>
<ss:Cell><ss:Data ss:Type="String">run-1-P1QB-10</ss:Data></ss:Cell>
<ss:Cell><ss:Data ss:Type="String">node[1]</ss:Data></ss:Cell>
<ss:Cell><ss:Data ss:Type="String">wifi-rx-frames</ss:Data></ss:Cell>
<ss:Cell><ss:Data ss:Type="String">401</ss:Data></ss:Cell>
</ss:Row>
<ss:Row>
<ss:Cell><ss:Data ss:Type="String">run-1-P1QB-10</ss:Data></ss:Cell>
<ss:Cell><ss:Data ss:Type="String">node[0]</ss:Data></ss:Cell>
<ss:Cell><ss:Data ss:Type="String">sender-tx-packets</ss:Data></ss:Cell>
<ss:Cell><ss:Data ss:Type="String">400</ss:Data></ss:Cell>
</ss:Row>
<ss:Row>
<ss:Cell><ss:Data ss:Type="String">run-1-P1QB-10</ss:Data></ss:Cell>
<ss:Cell><ss:Data ss:Type="String">node[1]</ss:Data></ss:Cell>
<ss:Cell><ss:Data ss:Type="String">receiver-rx-packets</ss:Data></ss:Cell>
<ss:Cell><ss:Data ss:Type="String">400</ss:Data></ss:Cell>
</ss:Row>
<ss:Row>
<ss:Cell><ss:Data ss:Type="String">run-1-P1QB-10</ss:Data></ss:Cell>
<ss:Cell><ss:Data ss:Type="String">node[0]</ss:Data></ss:Cell>
<ss:Cell><ss:Data ss:Type="String">tx-pkt-size-count</ss:Data></ss:Cell>
<ss:Cell><ss:Data ss:Type="String">400</ss:Data></ss:Cell>
</ss:Row>
<ss:Row>
<ss:Cell><ss:Data ss:Type="String">run-1-P1QB-10</ss:Data></ss:Cell>
<ss:Cell><ss:Data ss:Type="String">node[0]</ss:Data></ss:Cell>
<ss:Cell><ss:Data ss:Type="String">tx-pkt-size-total</ss:Data></ss:Cell>
<ss:Cell><ss:Data ss:Type="String">400000</ss:Data></ss:Cell>
</ss:Row>
<ss:Row>
<ss:Cell><ss:Data ss:Type="String">run-1-P1QB-10</ss:Data></ss:Cell>
<ss:Cell><ss:Data ss:Type="String">node[0]</ss:Data></ss:Cell>
<ss:Cell><ss:Data ss:Type="String">tx-pkt-size-max</ss:Data></ss:Cell>
<ss:Cell><ss:Data ss:Type="String">1000</ss:Data></ss:Cell>
</ss:Row>
<ss:Row>
<ss:Cell><ss:Data ss:Type="String">run-1-P1QB-10</ss:Data></ss:Cell>
<ss:Cell><ss:Data ss:Type="String">node[0]</ss:Data></ss:Cell>
<ss:Cell><ss:Data ss:Type="String">tx-pkt-size-min</ss:Data></ss:Cell>
<ss:Cell><ss:Data ss:Type="String">1000</ss:Data></ss:Cell>
</ss:Row>
<ss:Row>
<ss:Cell><ss:Data ss:Type="String">run-1-P1QB-10</ss:Data></ss:Cell>
<ss:Cell><ss:Data ss:Type="String">node[0]</ss:Data></ss:Cell>
<ss:Cell><ss:Data ss:Type="String">tx-pkt-size-sqrsum</ss:Data></ss:Cell>
<ss:Cell><ss:Data ss:Type="String">400000000</ss:Data></ss:Cell>
</ss:Row>
<ss:Row>
<ss:Cell><ss:Data ss:Type="String">run-1-P1QB-10</ss:Data></ss:Cell>
<ss:Cell><ss:Data ss:Type="String">node[0]</ss:Data></ss:Cell>
<ss:Cell><ss:Data ss:Type="String">tx-pkt-size-stddev</ss:Data></ss:Cell>
<ss:Cell><ss:Data ss:Type="String">0</ss:Data></ss:Cell>
</ss:Row>
<ss:Row>
<ss:Cell><ss:Data ss:Type="String">run-1-P1QB-10</ss:Data></ss:Cell>
<ss:Cell><ss:Data ss:Type="String">.</ss:Data></ss:Cell>
<ss:Cell><ss:Data ss:Type="String">delay-count</ss:Data></ss:Cell>
<ss:Cell><ss:Data ss:Type="String">400</ss:Data></ss:Cell>
</ss:Row>
<ss:Row>
<ss:Cell><ss:Data ss:Type="String">run-1-P1QB-10</ss:Data></ss:Cell>
<ss:Cell><ss:Data ss:Type="String">.</ss:Data></ss:Cell>
<ss:Cell><ss:Data ss:Type="String">delay-total</ss:Data></ss:Cell>
<ss:Cell><ss:Data ss:Type="String">108646266</ss:Data></ss:Cell>
</ss:Row>
<ss:Row>
<ss:Cell><ss:Data ss:Type="String">run-1-P1QB-10</ss:Data></ss:Cell>
<ss:Cell><ss:Data ss:Type="String">.</ss:Data></ss:Cell>
<ss:Cell><ss:Data ss:Type="String">delay-average</ss:Data></ss:Cell>
<ss:Cell><ss:Data ss:Type="String">271615</ss:Data></ss:Cell>
</ss:Row>
<ss:Row>
<ss:Cell><ss:Data ss:Type="String">run-1-P1QB-10</ss:Data></ss:Cell>
<ss:Cell><ss:Data ss:Type="String">.</ss:Data></ss:Cell>
<ss:Cell><ss:Data ss:Type="String">delay-max</ss:Data></ss:Cell>
<ss:Cell><ss:Data ss:Type="String">5877099</ss:Data></ss:Cell>
</ss:Row>
<ss:Row>
<ss:Cell><ss:Data ss:Type="String">run-1-P1QB-10</ss:Data></ss:Cell>
<ss:Cell><ss:Data ss:Type="String">.</ss:Data></ss:Cell>
<ss:Cell><ss:Data ss:Type="String">delay-min</ss:Data></ss:Cell>
<ss:Cell><ss:Data ss:Type="String">180033</ss:Data></ss:Cell>
</ss:Row>
<ss:Row>
<ss:Cell><ss:Data ss:Type="String">run-1-P1QB-20</ss:Data></ss:Cell>
<ss:Cell><ss:Data ss:Type="String">node[0]</ss:Data></ss:Cell>
<ss:Cell><ss:Data ss:Type="String">wifi-tx-frames</ss:Data></ss:Cell>
<ss:Cell><ss:Data ss:Type="String">401</ss:Data></ss:Cell>
</ss:Row>
<ss:Row>
<ss:Cell><ss:Data ss:Type="String">run-1-P1QB-20</ss:Data></ss:Cell>
<ss:Cell><ss:Data ss:Type="String">node[1]</ss:Data></ss:Cell>
<ss:Cell><ss:Data ss:Type="String">wifi-rx-frames</ss:Data></ss:Cell>
<ss:Cell><ss:Data ss:Type="String">401</ss:Data></ss:Cell>
</ss:Row>
<ss:Row>
<ss:Cell><ss:Data ss:Type="String">run-1-P1QB-20</ss:Data></ss:Cell>
<ss:Cell><ss:Data ss:Type="String">node[0]</ss:Data></ss:Cell>
<ss:Cell><ss:Data ss:Type="String">sender-tx-packets</ss:Data></ss:Cell>
<ss:Cell><ss:Data ss:Type="String">400</ss:Data></ss:Cell>
</ss:Row>
<ss:Row>
<ss:Cell><ss:Data ss:Type="String">run-1-P1QB-20</ss:Data></ss:Cell>
<ss:Cell><ss:Data ss:Type="String">node[1]</ss:Data></ss:Cell>
<ss:Cell><ss:Data ss:Type="String">receiver-rx-packets</ss:Data></ss:Cell>
<ss:Cell><ss:Data ss:Type="String">400</ss:Data></ss:Cell>
</ss:Row>
<ss:Row>
<ss:Cell><ss:Data ss:Type="String">run-1-P1QB-20</ss:Data></ss:Cell>
<ss:Cell><ss:Data ss:Type="String">node[0]</ss:Data></ss:Cell>
<ss:Cell><ss:Data ss:Type="String">tx-pkt-size-count</ss:Data></ss:Cell>
<ss:Cell><ss:Data ss:Type="String">400</ss:Data></ss:Cell>
</ss:Row>
<ss:Row>
<ss:Cell><ss:Data ss:Type="String">run-1-P1QB-20</ss:Data></ss:Cell>
<ss:Cell><ss:Data ss:Type="String">node[0]</ss:Data></ss:Cell>
<ss:Cell><ss:Data ss:Type="String">tx-pkt-size-total</ss:Data></ss:Cell>
<ss:Cell><ss:Data ss:Type="String">400000</ss:Data></ss:Cell>
</ss:Row>
<ss:Row>
<ss:Cell><ss:Data ss:Type="String">run-1-P1QB-20</ss:Data></ss:Cell>
<ss:Cell><ss:Data ss:Type="String">node[0]</ss:Data></ss:Cell>
<ss:Cell><ss:Data ss:Type="String">tx-pkt-size-max</ss:Data></ss:Cell>
<ss:Cell><ss:Data ss:Type="String">1000</ss:Data></ss:Cell>
</ss:Row>
<ss:Row>
<ss:Cell><ss:Data ss:Type="String">run-1-P1QB-20</ss:Data></ss:Cell>
<ss:Cell><ss:Data ss:Type="String">node[0]</ss:Data></ss:Cell>
<ss:Cell><ss:Data ss:Type="String">tx-pkt-size-min</ss:Data></ss:Cell>
<ss:Cell><ss:Data ss:Type="String">1000</ss:Data></ss:Cell>
</ss:Row>
<ss:Row>
<ss:Cell><ss:Data ss:Type="String">run-1-P1QB-20</ss:Data></ss:Cell>
<ss:Cell><ss:Data ss:Type="String">node[0]</ss:Data></ss:Cell>
<ss:Cell><ss:Data ss:Type="String">tx-pkt-size-sqrsum</ss:Data></ss:Cell>
<ss:Cell><ss:Data ss:Type="String">400000000</ss:Data></ss:Cell>
</ss:Row>
<ss:Row>
<ss:Cell><ss:Data ss:Type="String">run-1-P1QB-20</ss:Data></ss:Cell>
<ss:Cell><ss:Data ss:Type="String">node[0]</ss:Data></ss:Cell>
<ss:Cell><ss:Data ss:Type="String">tx-pkt-size-stddev</ss:Data></ss:Cell>
<ss:Cell><ss:Data ss:Type="String">0</ss:Data></ss:Cell>
</ss:Row>
<ss:Row>
<ss:Cell><ss:Data ss:Type="String">run-1-P1QB-20</ss:Data></ss:Cell>
<ss:Cell><ss:Data ss:Type="String">.</ss:Data></ss:Cell>
<ss:Cell><ss:Data ss:Type="String">delay-count</ss:Data></ss:Cell>
<ss:Cell><ss:Data ss:Type="String">400</ss:Data></ss:Cell>
</ss:Row>
<ss:Row>
<ss:Cell><ss:Data ss:Type="String">run-1-P1QB-20</ss:Data></ss:Cell>
<ss:Cell><ss:Data ss:Type="String">.</ss:Data></ss:Cell>
<ss:Cell><ss:Data ss:Type="String">delay-total</ss:Data></ss:Cell>
<ss:Cell><ss:Data ss:Type="String">108659532</ss:Data></ss:Cell>
</ss:Row>
<ss:Row>
<ss:Cell><ss:Data ss:Type="String">run-1-P1QB-20</ss:Data></ss:Cell>
<ss:Cell><ss:Data ss:Type="String">.</ss:Data></ss:Cell>
<ss:Cell><ss:Data ss:Type="String">delay-average</ss:Data></ss:Cell>
<ss:Cell><ss:Data ss:Type="String">271648</ss:Data></ss:Cell>
</ss:Row>
<ss:Row>
<ss:Cell><ss:Data ss:Type="String">run-1-P1QB-20</ss:Data></ss:Cell>
<ss:Cell><ss:Data ss:Type="String">.</ss:Data></ss:Cell>
<ss:Cell><ss:Data ss:Type="String">delay-max</ss:Data></ss:Cell>
<ss:Cell><ss:Data ss:Type="String">5877198</ss:Data></ss:Cell>
</ss:Row>
<ss:Row>
<ss:Cell><ss:Data ss:Type="String">run-1-P1QB-20</ss:Data></ss:Cell>
<ss:Cell><ss:Data ss:Type="String">.</ss:Data></ss:Cell>
<ss:Cell><ss:Data ss:Type="String">delay-min</ss:Data></ss:Cell>
<ss:Cell><ss:Data ss:Type="String">180066</ss:Data></ss:Cell>
</ss:Row>
<ss:Row>
<ss:Cell><ss:Data ss:Type="String">run-1-P1QB-30</ss:Data></ss:Cell>
<ss:Cell><ss:Data ss:Type="String">node[0]</ss:Data></ss:Cell>
<ss:Cell><ss:Data ss:Type="String">wifi-tx-frames</ss:Data></ss:Cell>
<ss:Cell><ss:Data ss:Type="String">401</ss:Data></ss:Cell>
</ss:Row>
<ss:Row>
<ss:Cell><ss:Data ss:Type="String">run-1-P1QB-30</ss:Data></ss:Cell>
<ss:Cell><ss:Data ss:Type="String">node[1]</ss:Data></ss:Cell>
<ss:Cell><ss:Data ss:Type="String">wifi-rx-frames</ss:Data></ss:Cell>
<ss:Cell><ss:Data ss:Type="String">401</ss:Data></ss:Cell>
</ss:Row>
<ss:Row>
<ss:Cell><ss:Data ss:Type="String">run-1-P1QB-30</ss:Data></ss:Cell>
<ss:Cell><ss:Data ss:Type="String">node[0]</ss:Data></ss:Cell>
<ss:Cell><ss:Data ss:Type="String">sender-tx-packets</ss:Data></ss:Cell>
<ss:Cell><ss:Data ss:Type="String">400</ss:Data></ss:Cell>
</ss:Row>
<ss:Row>
<ss:Cell><ss:Data ss:Type="String">run-1-P1QB-30</ss:Data></ss:Cell>
<ss:Cell><ss:Data ss:Type="String">node[1]</ss:Data></ss:Cell>
<ss:Cell><ss:Data ss:Type="String">receiver-rx-packets</ss:Data></ss:Cell>
<ss:Cell><ss:Data ss:Type="String">400</ss:Data></ss:Cell>
</ss:Row>
<ss:Row>
<ss:Cell><ss:Data ss:Type="String">run-1-P1QB-30</ss:Data></ss:Cell>
<ss:Cell><ss:Data ss:Type="String">node[0]</ss:Data></ss:Cell>
<ss:Cell><ss:Data ss:Type="String">tx-pkt-size-count</ss:Data></ss:Cell>
<ss:Cell><ss:Data ss:Type="String">400</ss:Data></ss:Cell>
</ss:Row>
<ss:Row>
<ss:Cell><ss:Data ss:Type="String">run-1-P1QB-30</ss:Data></ss:Cell>
<ss:Cell><ss:Data ss:Type="String">node[0]</ss:Data></ss:Cell>
<ss:Cell><ss:Data ss:Type="String">tx-pkt-size-total</ss:Data></ss:Cell>
<ss:Cell><ss:Data ss:Type="String">400000</ss:Data></ss:Cell>
</ss:Row>
<ss:Row>
<ss:Cell><ss:Data ss:Type="String">run-1-P1QB-30</ss:Data></ss:Cell>
<ss:Cell><ss:Data ss:Type="String">node[0]</ss:Data></ss:Cell>
<ss:Cell><ss:Data ss:Type="String">tx-pkt-size-max</ss:Data></ss:Cell>
<ss:Cell><ss:Data ss:Type="String">1000</ss:Data></ss:Cell>
</ss:Row>
<ss:Row>
<ss:Cell><ss:Data ss:Type="String">run-1-P1QB-30</ss:Data></ss:Cell>
<ss:Cell><ss:Data ss:Type="String">node[0]</ss:Data></ss:Cell>
<ss:Cell><ss:Data ss:Type="String">tx-pkt-size-min</ss:Data></ss:Cell>
<ss:Cell><ss:Data ss:Type="String">1000</ss:Data></ss:Cell>
</ss:Row>
<ss:Row>
<ss:Cell><ss:Data ss:Type="String">run-1-P1QB-30</ss:Data></ss:Cell>
<ss:Cell><ss:Data ss:Type="String">node[0]</ss:Data></ss:Cell>
<ss:Cell><ss:Data ss:Type="String">tx-pkt-size-sqrsum</ss:Data></ss:Cell>
<ss:Cell><ss:Data ss:Type="String">400000000</ss:Data></ss:Cell>
</ss:Row>
<ss:Row>
<ss:Cell><ss:Data ss:Type="String">run-1-P1QB-30</ss:Data></ss:Cell>
<ss:Cell><ss:Data ss:Type="String">node[0]</ss:Data></ss:Cell>
<ss:Cell><ss:Data ss:Type="String">tx-pkt-size-stddev</ss:Data></ss:Cell>
<ss:Cell><ss:Data ss:Type="String">0</ss:Data></ss:Cell>
</ss:Row>
<ss:Row>
<ss:Cell><ss:Data ss:Type="String">run-1-P1QB-30</ss:Data></ss:Cell>
<ss:Cell><ss:Data ss:Type="String">.</ss:Data></ss:Cell>
<ss:Cell><ss:Data ss:Type="String">delay-count</ss:Data></ss:Cell>
<ss:Cell><ss:Data ss:Type="String">400</ss:Data></ss:Cell>
</ss:Row>
<ss:Row>
<ss:Cell><ss:Data ss:Type="String">run-1-P1QB-30</ss:Data></ss:Cell>
<ss:Cell><ss:Data ss:Type="String">.</ss:Data></ss:Cell>
<ss:Cell><ss:Data ss:Type="String">delay-total</ss:Data></ss:Cell>
<ss:Cell><ss:Data ss:Type="String">158941200</ss:Data></ss:Cell>
</ss:Row>
<ss:Row>
<ss:Cell><ss:Data ss:Type="String">run-1-P1QB-30</ss:Data></ss:Cell>
<ss:Cell><ss:Data ss:Type="String">.</ss:Data></ss:Cell>
<ss:Cell><ss:Data ss:Type="String">delay-average</ss:Data></ss:Cell>
<ss:Cell><ss:Data ss:Type="String">397353</ss:Data></ss:Cell>
</ss:Row>
<ss:Row>
<ss:Cell><ss:Data ss:Type="String">run-1-P1QB-30</ss:Data></ss:Cell>
<ss:Cell><ss:Data ss:Type="String">.</ss:Data></ss:Cell>
<ss:Cell><ss:Data ss:Type="String">delay-max</ss:Data></ss:Cell>
<ss:Cell><ss:Data ss:Type="String">5877300</ss:Data></ss:Cell>
</ss:Row>
<ss:Row>
<ss:Cell><ss:Data ss:Type="String">run-1-P1QB-30</ss:Data></ss:Cell>
<ss:Cell><ss:Data ss:Type="String">.</ss:Data></ss:Cell>
<ss:Cell><ss:Data ss:Type="String">delay-min</ss:Data></ss:Cell>
<ss:Cell><ss:Data ss:Type="String">200100</ss:Data></ss:Cell>
</ss:Row>
<ss:Row>
<ss:Cell><ss:Data ss:Type="String">run-1-P1QB-40</ss:Data></ss:Cell>
<ss:Cell><ss:Data ss:Type="String">node[0]</ss:Data></ss:Cell>
<ss:Cell><ss:Data ss:Type="String">wifi-tx-frames</ss:Data></ss:Cell>
<ss:Cell><ss:Data ss:Type="String">401</ss:Data></ss:Cell>
</ss:Row>
<ss:Row>
<ss:Cell><ss:Data ss:Type="String">run-1-P1QB-40</ss:Data></ss:Cell>
<ss:Cell><ss:Data ss:Type="String">node[1]</ss:Data></ss:Cell>
<ss:Cell><ss:Data ss:Type="String">wifi-rx-frames</ss:Data></ss:Cell>
<ss:Cell><ss:Data ss:Type="String">401</ss:Data></ss:Cell>
</ss:Row>
<ss:Row>
<ss:Cell><ss:Data ss:Type="String">run-1-P1QB-40</ss:Data></ss:Cell>
<ss:Cell><ss:Data ss:Type="String">node[0]</ss:Data></ss:Cell>
<ss:Cell><ss:Data ss:Type="String">sender-tx-packets</ss:Data></ss:Cell>
<ss:Cell><ss:Data ss:Type="String">400</ss:Data></ss:Cell>
</ss:Row>
<ss:Row>
<ss:Cell><ss:Data ss:Type="String">run-1-P1QB-40</ss:Data></ss:Cell>
<ss:Cell><ss:Data ss:Type="String">node[1]</ss:Data></ss:Cell>
<ss:Cell><ss:Data ss:Type="String">receiver-rx-packets</ss:Data></ss:Cell>
<ss:Cell><ss:Data ss:Type="String">400</ss:Data></ss:Cell>
</ss:Row>
<ss:Row>
<ss:Cell><ss:Data ss:Type="String">run-1-P1QB-40</ss:Data></ss:Cell>
<ss:Cell><ss:Data ss:Type="String">node[0]</ss:Data></ss:Cell>
<ss:Cell><ss:Data ss:Type="String">tx-pkt-size-count</ss:Data></ss:Cell>
<ss:Cell><ss:Data ss:Type="String">400</ss:Data></ss:Cell>
</ss:Row>
<ss:Row>
<ss:Cell><ss:Data ss:Type="String">run-1-P1QB-40</ss:Data></ss:Cell>
<ss:Cell><ss:Data ss:Type="String">node[0]</ss:Data></ss:Cell>
<ss:Cell><ss:Data ss:Type="String">tx-pkt-size-total</ss:Data></ss:Cell>
<ss:Cell><ss:Data ss:Type="String">400000</ss:Data></ss:Cell>
</ss:Row>
<ss:Row>
<ss:Cell><ss:Data ss:Type="String">run-1-P1QB-40</ss:Data></ss:Cell>
<ss:Cell><ss:Data ss:Type="String">node[0]</ss:Data></ss:Cell>
<ss:Cell><ss:Data ss:Type="String">tx-pkt-size-max</ss:Data></ss:Cell>
<ss:Cell><ss:Data ss:Type="String">1000</ss:Data></ss:Cell>
</ss:Row>
<ss:Row>
<ss:Cell><ss:Data ss:Type="String">run-1-P1QB-40</ss:Data></ss:Cell>
<ss:Cell><ss:Data ss:Type="String">node[0]</ss:Data></ss:Cell>
<ss:Cell><ss:Data ss:Type="String">tx-pkt-size-min</ss:Data></ss:Cell>
<ss:Cell><ss:Data ss:Type="String">1000</ss:Data></ss:Cell>
</ss:Row>
<ss:Row>
<ss:Cell><ss:Data ss:Type="String">run-1-P1QB-40</ss:Data></ss:Cell>
<ss:Cell><ss:Data ss:Type="String">node[0]</ss:Data></ss:Cell>
<ss:Cell><ss:Data ss:Type="String">tx-pkt-size-sqrsum</ss:Data></ss:Cell>
<ss:Cell><ss:Data ss:Type="String">400000000</ss:Data></ss:Cell>
</ss:Row>
<ss:Row>
<ss:Cell><ss:Data ss:Type="String">run-1-P1QB-40</ss:Data></ss:Cell>
<ss:Cell><ss:Data ss:Type="String">node[0]</ss:Data></ss:Cell>
<ss:Cell><ss:Data ss:Type="String">tx-pkt-size-stddev</ss:Data></ss:Cell>
<ss:Cell><ss:Data ss:Type="String">0</ss:Data></ss:Cell>
</ss:Row>
<ss:Row>
<ss:Cell><ss:Data ss:Type="String">run-1-P1QB-40</ss:Data></ss:Cell>
<ss:Cell><ss:Data ss:Type="String">.</ss:Data></ss:Cell>
<ss:Cell><ss:Data ss:Type="String">delay-count</ss:Data></ss:Cell>
<ss:Cell><ss:Data ss:Type="String">400</ss:Data></ss:Cell>
</ss:Row>
<ss:Row>
<ss:Cell><ss:Data ss:Type="String">run-1-P1QB-40</ss:Data></ss:Cell>
<ss:Cell><ss:Data ss:Type="String">.</ss:Data></ss:Cell>
<ss:Cell><ss:Data ss:Type="String">delay-total</ss:Data></ss:Cell>
<ss:Cell><ss:Data ss:Type="String">152750466</ss:Data></ss:Cell>
</ss:Row>
<ss:Row>
<ss:Cell><ss:Data ss:Type="String">run-1-P1QB-40</ss:Data></ss:Cell>
<ss:Cell><ss:Data ss:Type="String">.</ss:Data></ss:Cell>
<ss:Cell><ss:Data ss:Type="String">delay-average</ss:Data></ss:Cell>
<ss:Cell><ss:Data ss:Type="String">381876</ss:Data></ss:Cell>
</ss:Row>
<ss:Row>
<ss:Cell><ss:Data ss:Type="String">run-1-P1QB-40</ss:Data></ss:Cell>
<ss:Cell><ss:Data ss:Type="String">.</ss:Data></ss:Cell>
<ss:Cell><ss:Data ss:Type="String">delay-max</ss:Data></ss:Cell>
<ss:Cell><ss:Data ss:Type="String">5877399</ss:Data></ss:Cell>
</ss:Row>
<ss:Row>
<ss:Cell><ss:Data ss:Type="String">run-1-P1QB-40</ss:Data></ss:Cell>
<ss:Cell><ss:Data ss:Type="String">.</ss:Data></ss:Cell>
<ss:Cell><ss:Data ss:Type="String">delay-min</ss:Data></ss:Cell>
<ss:Cell><ss:Data ss:Type="String">260133</ss:Data></ss:Cell>
</ss:Row>
<ss:Row>
<ss:Cell><ss:Data ss:Type="String">run-1-P1QB-50</ss:Data></ss:Cell>
<ss:Cell><ss:Data ss:Type="String">node[0]</ss:Data></ss:Cell>
<ss:Cell><ss:Data ss:Type="String">wifi-tx-frames</ss:Data></ss:Cell>
<ss:Cell><ss:Data ss:Type="String">401</ss:Data></ss:Cell>
</ss:Row>
<ss:Row>
<ss:Cell><ss:Data ss:Type="String">run-1-P1QB-50</ss:Data></ss:Cell>
<ss:Cell><ss:Data ss:Type="String">node[1]</ss:Data></ss:Cell>
<ss:Cell><ss:Data ss:Type="String">wifi-rx-frames</ss:Data></ss:Cell>
<ss:Cell><ss:Data ss:Type="String">401</ss:Data></ss:Cell>
</ss:Row>
<ss:Row>
<ss:Cell><ss:Data ss:Type="String">run-1-P1QB-50</ss:Data></ss:Cell>
<ss:Cell><ss:Data ss:Type="String">node[0]</ss:Data></ss:Cell>
<ss:Cell><ss:Data ss:Type="String">sender-tx-packets</ss:Data></ss:Cell>
<ss:Cell><ss:Data ss:Type="String">400</ss:Data></ss:Cell>
</ss:Row>
<ss:Row>
<ss:Cell><ss:Data ss:Type="String">run-1-P1QB-50</ss:Data></ss:Cell>
<ss:Cell><ss:Data ss:Type="String">node[1]</ss:Data></ss:Cell>
<ss:Cell><ss:Data ss:Type="String">receiver-rx-packets</ss:Data></ss:Cell>
<ss:Cell><ss:Data ss:Type="String">400</ss:Data></ss:Cell>
</ss:Row>
<ss:Row>
<ss:Cell><ss:Data ss:Type="String">run-1-P1QB-50</ss:Data></ss:Cell>
<ss:Cell><ss:Data ss:Type="String">node[0]</ss:Data></ss:Cell>
<ss:Cell><ss:Data ss:Type="String">tx-pkt-size-count</ss:Data></ss:Cell>
<ss:Cell><ss:Data ss:Type="String">400</ss:Data></ss:Cell>
</ss:Row>
<ss:Row>
<ss:Cell><ss:Data ss:Type="String">run-1-P1QB-50</ss:Data></ss:Cell>
<ss:Cell><ss:Data ss:Type="String">node[0]</ss:Data></ss:Cell>
<ss:Cell><ss:Data ss:Type="String">tx-pkt-size-total</ss:Data></ss:Cell>
<ss:Cell><ss:Data ss:Type="String">400000</ss:Data></ss:Cell>
</ss:Row>
<ss:Row>
<ss:Cell><ss:Data ss:Type="String">run-1-P1QB-50</ss:Data></ss:Cell>
<ss:Cell><ss:Data ss:Type="String">node[0]</ss:Data></ss:Cell>
<ss:Cell><ss:Data ss:Type="String">tx-pkt-size-max</ss:Data></ss:Cell>
<ss:Cell><ss:Data ss:Type="String">1000</ss:Data></ss:Cell>
</ss:Row>
<ss:Row>
<ss:Cell><ss:Data ss:Type="String">run-1-P1QB-50</ss:Data></ss:Cell>
<ss:Cell><ss:Data ss:Type="String">node[0]</ss:Data></ss:Cell>
<ss:Cell><ss:Data ss:Type="String">tx-pkt-size-min</ss:Data></ss:Cell>
<ss:Cell><ss:Data ss:Type="String">1000</ss:Data></ss:Cell>
</ss:Row>
<ss:Row>
<ss:Cell><ss:Data ss:Type="String">run-1-P1QB-50</ss:Data></ss:Cell>
<ss:Cell><ss:Data ss:Type="String">node[0]</ss:Data></ss:Cell>
<ss:Cell><ss:Data ss:Type="String">tx-pkt-size-sqrsum</ss:Data></ss:Cell>
<ss:Cell><ss:Data ss:Type="String">400000000</ss:Data></ss:Cell>
</ss:Row>
<ss:Row>
<ss:Cell><ss:Data ss:Type="String">run-1-P1QB-50</ss:Data></ss:Cell>
<ss:Cell><ss:Data ss:Type="String">node[0]</ss:Data></ss:Cell>
<ss:Cell><ss:Data ss:Type="String">tx-pkt-size-stddev</ss:Data></ss:Cell>
<ss:Cell><ss:Data ss:Type="String">0</ss:Data></ss:Cell>
</ss:Row>
<ss:Row>
<ss:Cell><ss:Data ss:Type="String">run-1-P1QB-50</ss:Data></ss:Cell>
<ss:Cell><ss:Data ss:Type="String">.</ss:Data></ss:Cell>
<ss:Cell><ss:Data ss:Type="String">delay-count</ss:Data></ss:Cell>
<ss:Cell><ss:Data ss:Type="String">400</ss:Data></ss:Cell>
</ss:Row>
<ss:Row>
<ss:Cell><ss:Data ss:Type="String">run-1-P1QB-50</ss:Data></ss:Cell>
<ss:Cell><ss:Data ss:Type="String">.</ss:Data></ss:Cell>
<ss:Cell><ss:Data ss:Type="String">delay-total</ss:Data></ss:Cell>
<ss:Cell><ss:Data ss:Type="String">196152732</ss:Data></ss:Cell>
</ss:Row>
<ss:Row>
<ss:Cell><ss:Data ss:Type="String">run-1-P1QB-50</ss:Data></ss:Cell>
<ss:Cell><ss:Data ss:Type="String">.</ss:Data></ss:Cell>
<ss:Cell><ss:Data ss:Type="String">delay-average</ss:Data></ss:Cell>
<ss:Cell><ss:Data ss:Type="String">490381</ss:Data></ss:Cell>
</ss:Row>
<ss:Row>
<ss:Cell><ss:Data ss:Type="String">run-1-P1QB-50</ss:Data></ss:Cell>
<ss:Cell><ss:Data ss:Type="String">.</ss:Data></ss:Cell>
<ss:Cell><ss:Data ss:Type="String">delay-max</ss:Data></ss:Cell>
<ss:Cell><ss:Data ss:Type="String">5877498</ss:Data></ss:Cell>
</ss:Row>
<ss:Row>
<ss:Cell><ss:Data ss:Type="String">run-1-P1QB-50</ss:Data></ss:Cell>
<ss:Cell><ss:Data ss:Type="String">.</ss:Data></ss:Cell>
<ss:Cell><ss:Data ss:Type="String">delay-min</ss:Data></ss:Cell>
<ss:Cell><ss:Data ss:Type="String">376166</ss:Data></ss:Cell>
</ss:Row>
<ss:Row>
<ss:Cell><ss:Data ss:Type="String">run-1-P1QB-60</ss:Data></ss:Cell>
<ss:Cell><ss:Data ss:Type="String">node[0]</ss:Data></ss:Cell>
<ss:Cell><ss:Data ss:Type="String">wifi-tx-frames</ss:Data></ss:Cell>
<ss:Cell><ss:Data ss:Type="String">401</ss:Data></ss:Cell>
</ss:Row>
<ss:Row>
<ss:Cell><ss:Data ss:Type="String">run-1-P1QB-60</ss:Data></ss:Cell>
<ss:Cell><ss:Data ss:Type="String">node[1]</ss:Data></ss:Cell>
<ss:Cell><ss:Data ss:Type="String">wifi-rx-frames</ss:Data></ss:Cell>
<ss:Cell><ss:Data ss:Type="String">401</ss:Data></ss:Cell>
</ss:Row>
<ss:Row>
<ss:Cell><ss:Data ss:Type="String">run-1-P1QB-60</ss:Data></ss:Cell>
<ss:Cell><ss:Data ss:Type="String">node[0]</ss:Data></ss:Cell>
<ss:Cell><ss:Data ss:Type="String">sender-tx-packets</ss:Data></ss:Cell>
<ss:Cell><ss:Data ss:Type="String">400</ss:Data></ss:Cell>
</ss:Row>
<ss:Row>
<ss:Cell><ss:Data ss:Type="String">run-1-P1QB-60</ss:Data></ss:Cell>
<ss:Cell><ss:Data ss:Type="String">node[1]</ss:Data></ss:Cell>
<ss:Cell><ss:Data ss:Type="String">receiver-rx-packets</ss:Data></ss:Cell>
<ss:Cell><ss:Data ss:Type="String">400</ss:Data></ss:Cell>
</ss:Row>
<ss:Row>
<ss:Cell><ss:Data ss:Type="String">run-1-P1QB-60</ss:Data></ss:Cell>
<ss:Cell><ss:Data ss:Type="String">node[0]</ss:Data></ss:Cell>
<ss:Cell><ss:Data ss:Type="String">tx-pkt-size-count</ss:Data></ss:Cell>
<ss:Cell><ss:Data ss:Type="String">400</ss:Data></ss:Cell>
</ss:Row>
<ss:Row>
<ss:Cell><ss:Data ss:Type="String">run-1-P1QB-60</ss:Data></ss:Cell>
<ss:Cell><ss:Data ss:Type="String">node[0]</ss:Data></ss:Cell>
<ss:Cell><ss:Data ss:Type="String">tx-pkt-size-total</ss:Data></ss:Cell>
<ss:Cell><ss:Data ss:Type="String">400000</ss:Data></ss:Cell>
</ss:Row>
<ss:Row>
<ss:Cell><ss:Data ss:Type="String">run-1-P1QB-60</ss:Data></ss:Cell>
<ss:Cell><ss:Data ss:Type="String">node[0]</ss:Data></ss:Cell>
<ss:Cell><ss:Data ss:Type="String">tx-pkt-size-max</ss:Data></ss:Cell>
<ss:Cell><ss:Data ss:Type="String">1000</ss:Data></ss:Cell>
</ss:Row>
<ss:Row>
<ss:Cell><ss:Data ss:Type="String">run-1-P1QB-60</ss:Data></ss:Cell>
<ss:Cell><ss:Data ss:Type="String">node[0]</ss:Data></ss:Cell>
<ss:Cell><ss:Data ss:Type="String">tx-pkt-size-min</ss:Data></ss:Cell>
<ss:Cell><ss:Data ss:Type="String">1000</ss:Data></ss:Cell>
</ss:Row>
<ss:Row>
<ss:Cell><ss:Data ss:Type="String">run-1-P1QB-60</ss:Data></ss:Cell>
<ss:Cell><ss:Data ss:Type="String">node[0]</ss:Data></ss:Cell>
<ss:Cell><ss:Data ss:Type="String">tx-pkt-size-sqrsum</ss:Data></ss:Cell>
<ss:Cell><ss:Data ss:Type="String">400000000</ss:Data></ss:Cell>
</ss:Row>
<ss:Row>
<ss:Cell><ss:Data ss:Type="String">run-1-P1QB-60</ss:Data></ss:Cell>
<ss:Cell><ss:Data ss:Type="String">node[0]</ss:Data></ss:Cell>
<ss:Cell><ss:Data ss:Type="String">tx-pkt-size-stddev</ss:Data></ss:Cell>
<ss:Cell><ss:Data ss:Type="String">0</ss:Data></ss:Cell>
</ss:Row>
<ss:Row>
<ss:Cell><ss:Data ss:Type="String">run-1-P1QB-60</ss:Data></ss:Cell>
<ss:Cell><ss:Data ss:Type="String">.</ss:Data></ss:Cell>
<ss:Cell><ss:Data ss:Type="String">delay-count</ss:Data></ss:Cell>
<ss:Cell><ss:Data ss:Type="String">400</ss:Data></ss:Cell>
</ss:Row>
<ss:Row>
<ss:Cell><ss:Data ss:Type="String">run-1-P1QB-60</ss:Data></ss:Cell>
<ss:Cell><ss:Data ss:Type="String">.</ss:Data></ss:Cell>
<ss:Cell><ss:Data ss:Type="String">delay-total</ss:Data></ss:Cell>
<ss:Cell><ss:Data ss:Type="String">242049400</ss:Data></ss:Cell>
</ss:Row>
<ss:Row>
<ss:Cell><ss:Data ss:Type="String">run-1-P1QB-60</ss:Data></ss:Cell>
<ss:Cell><ss:Data ss:Type="String">.</ss:Data></ss:Cell>
<ss:Cell><ss:Data ss:Type="String">delay-average</ss:Data></ss:Cell>
<ss:Cell><ss:Data ss:Type="String">605123</ss:Data></ss:Cell>
</ss:Row>
<ss:Row>
<ss:Cell><ss:Data ss:Type="String">run-1-P1QB-60</ss:Data></ss:Cell>
<ss:Cell><ss:Data ss:Type="String">.</ss:Data></ss:Cell>
<ss:Cell><ss:Data ss:Type="String">delay-max</ss:Data></ss:Cell>
<ss:Cell><ss:Data ss:Type="String">5877600</ss:Data></ss:Cell>
</ss:Row>
<ss:Row>
<ss:Cell><ss:Data ss:Type="String">run-1-P1QB-60</ss:Data></ss:Cell>
<ss:Cell><ss:Data ss:Type="String">.</ss:Data></ss:Cell>
<ss:Cell><ss:Data ss:Type="String">delay-min</ss:Data></ss:Cell>
<ss:Cell><ss:Data ss:Type="String">496200</ss:Data></ss:Cell>
</ss:Row>
<ss:Row>
<ss:Cell><ss:Data ss:Type="String">run-1-P1QB-70</ss:Data></ss:Cell>
<ss:Cell><ss:Data ss:Type="String">node[0]</ss:Data></ss:Cell>
<ss:Cell><ss:Data ss:Type="String">wifi-tx-frames</ss:Data></ss:Cell>
<ss:Cell><ss:Data ss:Type="String">401</ss:Data></ss:Cell>
</ss:Row>
<ss:Row>
<ss:Cell><ss:Data ss:Type="String">run-1-P1QB-70</ss:Data></ss:Cell>
<ss:Cell><ss:Data ss:Type="String">node[1]</ss:Data></ss:Cell>
<ss:Cell><ss:Data ss:Type="String">wifi-rx-frames</ss:Data></ss:Cell>
<ss:Cell><ss:Data ss:Type="String">401</ss:Data></ss:Cell>
</ss:Row>
<ss:Row>
<ss:Cell><ss:Data ss:Type="String">run-1-P1QB-70</ss:Data></ss:Cell>
<ss:Cell><ss:Data ss:Type="String">node[0]</ss:Data></ss:Cell>
<ss:Cell><ss:Data ss:Type="String">sender-tx-packets</ss:Data></ss:Cell>
<ss:Cell><ss:Data ss:Type="String">400</ss:Data></ss:Cell>
</ss:Row>
<ss:Row>
<ss:Cell><ss:Data ss:Type="String">run-1-P1QB-70</ss:Data></ss:Cell>
<ss:Cell><ss:Data ss:Type="String">node[1]</ss:Data></ss:Cell>
<ss:Cell><ss:Data ss:Type="String">receiver-rx-packets</ss:Data></ss:Cell>
<ss:Cell><ss:Data ss:Type="String">400</ss:Data></ss:Cell>
</ss:Row>
<ss:Row>
<ss:Cell><ss:Data ss:Type="String">run-1-P1QB-70</ss:Data></ss:Cell>
<ss:Cell><ss:Data ss:Type="String">node[0]</ss:Data></ss:Cell>
<ss:Cell><ss:Data ss:Type="String">tx-pkt-size-count</ss:Data></ss:Cell>
<ss:Cell><ss:Data ss:Type="String">400</ss:Data></ss:Cell>
</ss:Row>
<ss:Row>
<ss:Cell><ss:Data ss:Type="String">run-1-P1QB-70</ss:Data></ss:Cell>
<ss:Cell><ss:Data ss:Type="String">node[0]</ss:Data></ss:Cell>
<ss:Cell><ss:Data ss:Type="String">tx-pkt-size-total</ss:Data></ss:Cell>
<ss:Cell><ss:Data ss:Type="String">400000</ss:Data></ss:Cell>
</ss:Row>
<ss:Row>
<ss:Cell><ss:Data ss:Type="String">run-1-P1QB-70</ss:Data></ss:Cell>
<ss:Cell><ss:Data ss:Type="String">node[0]</ss:Data></ss:Cell>
<ss:Cell><ss:Data ss:Type="String">tx-pkt-size-max</ss:Data></ss:Cell>
<ss:Cell><ss:Data ss:Type="String">1000</ss:Data></ss:Cell>
</ss:Row>
<ss:Row>
<ss:Cell><ss:Data ss:Type="String">run-1-P1QB-70</ss:Data></ss:Cell>
<ss:Cell><ss:Data ss:Type="String">node[0]</ss:Data></ss:Cell>
<ss:Cell><ss:Data ss:Type="String">tx-pkt-size-min</ss:Data></ss:Cell>
<ss:Cell><ss:Data ss:Type="String">1000</ss:Data></ss:Cell>
</ss:Row>
<ss:Row>
<ss:Cell><ss:Data ss:Type="String">run-1-P1QB-70</ss:Data></ss:Cell>
<ss:Cell><ss:Data ss:Type="String">node[0]</ss:Data></ss:Cell>
<ss:Cell><ss:Data ss:Type="String">tx-pkt-size-sqrsum</ss:Data></ss:Cell>
<ss:Cell><ss:Data ss:Type="String">400000000</ss:Data></ss:Cell>
</ss:Row>
<ss:Row>
<ss:Cell><ss:Data ss:Type="String">run-1-P1QB-70</ss:Data></ss:Cell>
<ss:Cell><ss:Data ss:Type="String">node[0]</ss:Data></ss:Cell>
<ss:Cell><ss:Data ss:Type="String">tx-pkt-size-stddev</ss:Data></ss:Cell>
<ss:Cell><ss:Data ss:Type="String">0</ss:Data></ss:Cell>
</ss:Row>
<ss:Row>
<ss:Cell><ss:Data ss:Type="String">run-1-P1QB-70</ss:Data></ss:Cell>
<ss:Cell><ss:Data ss:Type="String">.</ss:Data></ss:Cell>
<ss:Cell><ss:Data ss:Type="String">delay-count</ss:Data></ss:Cell>
<ss:Cell><ss:Data ss:Type="String">400</ss:Data></ss:Cell>
</ss:Row>
<ss:Row>
<ss:Cell><ss:Data ss:Type="String">run-1-P1QB-70</ss:Data></ss:Cell>
<ss:Cell><ss:Data ss:Type="String">.</ss:Data></ss:Cell>
<ss:Cell><ss:Data ss:Type="String">delay-total</ss:Data></ss:Cell>
<ss:Cell><ss:Data ss:Type="String">259981666</ss:Data></ss:Cell>
</ss:Row>
<ss:Row>
<ss:Cell><ss:Data ss:Type="String">run-1-P1QB-70</ss:Data></ss:Cell>
<ss:Cell><ss:Data ss:Type="String">.</ss:Data></ss:Cell>
<ss:Cell><ss:Data ss:Type="String">delay-average</ss:Data></ss:Cell>
<ss:Cell><ss:Data ss:Type="String">649954</ss:Data></ss:Cell>
</ss:Row>
<ss:Row>
<ss:Cell><ss:Data ss:Type="String">run-1-P1QB-70</ss:Data></ss:Cell>
<ss:Cell><ss:Data ss:Type="String">.</ss:Data></ss:Cell>
<ss:Cell><ss:Data ss:Type="String">delay-max</ss:Data></ss:Cell>
<ss:Cell><ss:Data ss:Type="String">5877699</ss:Data></ss:Cell>
</ss:Row>
<ss:Row>
<ss:Cell><ss:Data ss:Type="String">run-1-P1QB-70</ss:Data></ss:Cell>
<ss:Cell><ss:Data ss:Type="String">.</ss:Data></ss:Cell>
<ss:Cell><ss:Data ss:Type="String">delay-min</ss:Data></ss:Cell>
<ss:Cell><ss:Data ss:Type="String">496233</ss:Data></ss:Cell>
</ss:Row>
<ss:Row>
<ss:Cell><ss:Data ss:Type="String">run-1-P1QB-80</ss:Data></ss:Cell>
<ss:Cell><ss:Data ss:Type="String">node[0]</ss:Data></ss:Cell>
<ss:Cell><ss:Data ss:Type="String">wifi-tx-frames</ss:Data></ss:Cell>
<ss:Cell><ss:Data ss:Type="String">401</ss:Data></ss:Cell>
</ss:Row>
<ss:Row>
<ss:Cell><ss:Data ss:Type="String">run-1-P1QB-80</ss:Data></ss:Cell>
<ss:Cell><ss:Data ss:Type="String">node[1]</ss:Data></ss:Cell>
<ss:Cell><ss:Data ss:Type="String">wifi-rx-frames</ss:Data></ss:Cell>
<ss:Cell><ss:Data ss:Type="String">401</ss:Data></ss:Cell>
</ss:Row>
<ss:Row>
<ss:Cell><ss:Data ss:Type="String">run-1-P1QB-80</ss:Data></ss:Cell>
<ss:Cell><ss:Data ss:Type="String">node[0]</ss:Data></ss:Cell>
<ss:Cell><ss:Data ss:Type="String">sender-tx-packets</ss:Data></ss:Cell>
<ss:Cell><ss:Data ss:Type="String">400</ss:Data></ss:Cell>
</ss:Row>
<ss:Row>
<ss:Cell><ss:Data ss:Type="String">run-1-P1QB-80</ss:Data></ss:Cell>
<ss:Cell><ss:Data ss:Type="String">node[1]</ss:Data></ss:Cell>
<ss:Cell><ss:Data ss:Type="String">receiver-rx-packets</ss:Data></ss:Cell>
<ss:Cell><ss:Data ss:Type="String">400</ss:Data></ss:Cell>
</ss:Row>
<ss:Row>
<ss:Cell><ss:Data ss:Type="String">run-1-P1QB-80</ss:Data></ss:Cell>
<ss:Cell><ss:Data ss:Type="String">node[0]</ss:Data></ss:Cell>
<ss:Cell><ss:Data ss:Type="String">tx-pkt-size-count</ss:Data></ss:Cell>
<ss:Cell><ss:Data ss:Type="String">400</ss:Data></ss:Cell>
</ss:Row>
<ss:Row>
<ss:Cell><ss:Data ss:Type="String">run-1-P1QB-80</ss:Data></ss:Cell>
<ss:Cell><ss:Data ss:Type="String">node[0]</ss:Data></ss:Cell>
<ss:Cell><ss:Data ss:Type="String">tx-pkt-size-total</ss:Data></ss:Cell>
<ss:Cell><ss:Data ss:Type="String">400000</ss:Data></ss:Cell>
</ss:Row>
<ss:Row>
<ss:Cell><ss:Data ss:Type="String">run-1-P1QB-80</ss:Data></ss:Cell>
<ss:Cell><ss:Data ss:Type="String">node[0]</ss:Data></ss:Cell>
<ss:Cell><ss:Data ss:Type="String">tx-pkt-size-max</ss:Data></ss:Cell>
<ss:Cell><ss:Data ss:Type="String">1000</ss:Data></ss:Cell>
</ss:Row>
<ss:Row>
<ss:Cell><ss:Data ss:Type="String">run-1-P1QB-80</ss:Data></ss:Cell>
<ss:Cell><ss:Data ss:Type="String">node[0]</ss:Data></ss:Cell>
<ss:Cell><ss:Data ss:Type="String">tx-pkt-size-min</ss:Data></ss:Cell>
<ss:Cell><ss:Data ss:Type="String">1000</ss:Data></ss:Cell>
</ss:Row>
<ss:Row>
<ss:Cell><ss:Data ss:Type="String">run-1-P1QB-80</ss:Data></ss:Cell>
<ss:Cell><ss:Data ss:Type="String">node[0]</ss:Data></ss:Cell>
<ss:Cell><ss:Data ss:Type="String">tx-pkt-size-sqrsum</ss:Data></ss:Cell>
<ss:Cell><ss:Data ss:Type="String">400000000</ss:Data></ss:Cell>
</ss:Row>
<ss:Row>
<ss:Cell><ss:Data ss:Type="String">run-1-P1QB-80</ss:Data></ss:Cell>
<ss:Cell><ss:Data ss:Type="String">node[0]</ss:Data></ss:Cell>
<ss:Cell><ss:Data ss:Type="String">tx-pkt-size-stddev</ss:Data></ss:Cell>
<ss:Cell><ss:Data ss:Type="String">0</ss:Data></ss:Cell>
</ss:Row>
<ss:Row>
<ss:Cell><ss:Data ss:Type="String">run-1-P1QB-80</ss:Data></ss:Cell>
<ss:Cell><ss:Data ss:Type="String">.</ss:Data></ss:Cell>
<ss:Cell><ss:Data ss:Type="String">delay-count</ss:Data></ss:Cell>
<ss:Cell><ss:Data ss:Type="String">400</ss:Data></ss:Cell>
</ss:Row>
<ss:Row>
<ss:Cell><ss:Data ss:Type="String">run-1-P1QB-80</ss:Data></ss:Cell>
<ss:Cell><ss:Data ss:Type="String">.</ss:Data></ss:Cell>
<ss:Cell><ss:Data ss:Type="String">delay-total</ss:Data></ss:Cell>
<ss:Cell><ss:Data ss:Type="String">334239932</ss:Data></ss:Cell>
</ss:Row>
<ss:Row>
<ss:Cell><ss:Data ss:Type="String">run-1-P1QB-80</ss:Data></ss:Cell>
<ss:Cell><ss:Data ss:Type="String">.</ss:Data></ss:Cell>
<ss:Cell><ss:Data ss:Type="String">delay-average</ss:Data></ss:Cell>
<ss:Cell><ss:Data ss:Type="String">835599</ss:Data></ss:Cell>
</ss:Row>
<ss:Row>
<ss:Cell><ss:Data ss:Type="String">run-1-P1QB-80</ss:Data></ss:Cell>
<ss:Cell><ss:Data ss:Type="String">.</ss:Data></ss:Cell>
<ss:Cell><ss:Data ss:Type="String">delay-max</ss:Data></ss:Cell>
<ss:Cell><ss:Data ss:Type="String">5877798</ss:Data></ss:Cell>
</ss:Row>
<ss:Row>
<ss:Cell><ss:Data ss:Type="String">run-1-P1QB-80</ss:Data></ss:Cell>
<ss:Cell><ss:Data ss:Type="String">.</ss:Data></ss:Cell>
<ss:Cell><ss:Data ss:Type="String">delay-min</ss:Data></ss:Cell>
<ss:Cell><ss:Data ss:Type="String">732266</ss:Data></ss:Cell>
</ss:Row>
<ss:Row>
<ss:Cell><ss:Data ss:Type="String">run-1-P1QB-90</ss:Data></ss:Cell>
<ss:Cell><ss:Data ss:Type="String">node[0]</ss:Data></ss:Cell>
<ss:Cell><ss:Data ss:Type="String">wifi-tx-frames</ss:Data></ss:Cell>
<ss:Cell><ss:Data ss:Type="String">401</ss:Data></ss:Cell>
</ss:Row>
<ss:Row>
<ss:Cell><ss:Data ss:Type="String">run-1-P1QB-90</ss:Data></ss:Cell>
<ss:Cell><ss:Data ss:Type="String">node[1]</ss:Data></ss:Cell>
<ss:Cell><ss:Data ss:Type="String">wifi-rx-frames</ss:Data></ss:Cell>
<ss:Cell><ss:Data ss:Type="String">401</ss:Data></ss:Cell>
</ss:Row>
<ss:Row>
<ss:Cell><ss:Data ss:Type="String">run-1-P1QB-90</ss:Data></ss:Cell>
<ss:Cell><ss:Data ss:Type="String">node[0]</ss:Data></ss:Cell>
<ss:Cell><ss:Data ss:Type="String">sender-tx-packets</ss:Data></ss:Cell>
<ss:Cell><ss:Data ss:Type="String">400</ss:Data></ss:Cell>
</ss:Row>
<ss:Row>
<ss:Cell><ss:Data ss:Type="String">run-1-P1QB-90</ss:Data></ss:Cell>
<ss:Cell><ss:Data ss:Type="String">node[1]</ss:Data></ss:Cell>
<ss:Cell><ss:Data ss:Type="String">receiver-rx-packets</ss:Data></ss:Cell>
<ss:Cell><ss:Data ss:Type="String">400</ss:Data></ss:Cell>
</ss:Row>
<ss:Row>
<ss:Cell><ss:Data ss:Type="String">run-1-P1QB-90</ss:Data></ss:Cell>
<ss:Cell><ss:Data ss:Type="String">node[0]</ss:Data></ss:Cell>
<ss:Cell><ss:Data ss:Type="String">tx-pkt-size-count</ss:Data></ss:Cell>
<ss:Cell><ss:Data ss:Type="String">400</ss:Data></ss:Cell>
</ss:Row>
<ss:Row>
<ss:Cell><ss:Data ss:Type="String">run-1-P1QB-90</ss:Data></ss:Cell>
<ss:Cell><ss:Data ss:Type="String">node[0]</ss:Data></ss:Cell>
<ss:Cell><ss:Data ss:Type="String">tx-pkt-size-total</ss:Data></ss:Cell>
<ss:Cell><ss:Data ss:Type="String">400000</ss:Data></ss:Cell>
</ss:Row>
<ss:Row>
<ss:Cell><ss:Data ss:Type="String">run-1-P1QB-90</ss:Data></ss:Cell>
<ss:Cell><ss:Data ss:Type="String">node[0]</ss:Data></ss:Cell>
<ss:Cell><ss:Data ss:Type="String">tx-pkt-size-max</ss:Data></ss:Cell>
<ss:Cell><ss:Data ss:Type="String">1000</ss:Data></ss:Cell>
</ss:Row>
<ss:Row>
<ss:Cell><ss:Data ss:Type="String">run-1-P1QB-90</ss:Data></ss:Cell>
<ss:Cell><ss:Data ss:Type="String">node[0]</ss:Data></ss:Cell>
<ss:Cell><ss:Data ss:Type="String">tx-pkt-size-min</ss:Data></ss:Cell>
<ss:Cell><ss:Data ss:Type="String">1000</ss:Data></ss:Cell>
</ss:Row>
<ss:Row>
<ss:Cell><ss:Data ss:Type="String">run-1-P1QB-90</ss:Data></ss:Cell>
<ss:Cell><ss:Data ss:Type="String">node[0]</ss:Data></ss:Cell>
<ss:Cell><ss:Data ss:Type="String">tx-pkt-size-sqrsum</ss:Data></ss:Cell>
<ss:Cell><ss:Data ss:Type="String">400000000</ss:Data></ss:Cell>
</ss:Row>
<ss:Row>
<ss:Cell><ss:Data ss:Type="String">run-1-P1QB-90</ss:Data></ss:Cell>
<ss:Cell><ss:Data ss:Type="String">node[0]</ss:Data></ss:Cell>
<ss:Cell><ss:Data ss:Type="String">tx-pkt-size-stddev</ss:Data></ss:Cell>
<ss:Cell><ss:Data ss:Type="String">0</ss:Data></ss:Cell>
</ss:Row>
<ss:Row>
<ss:Cell><ss:Data ss:Type="String">run-1-P1QB-90</ss:Data></ss:Cell>
<ss:Cell><ss:Data ss:Type="String">.</ss:Data></ss:Cell>
<ss:Cell><ss:Data ss:Type="String">delay-count</ss:Data></ss:Cell>
<ss:Cell><ss:Data ss:Type="String">400</ss:Data></ss:Cell>
</ss:Row>
<ss:Row>
<ss:Cell><ss:Data ss:Type="String">run-1-P1QB-90</ss:Data></ss:Cell>
<ss:Cell><ss:Data ss:Type="String">.</ss:Data></ss:Cell>
<ss:Cell><ss:Data ss:Type="String">delay-total</ss:Data></ss:Cell>
<ss:Cell><ss:Data ss:Type="String">511876600</ss:Data></ss:Cell>
</ss:Row>
<ss:Row>
<ss:Cell><ss:Data ss:Type="String">run-1-P1QB-90</ss:Data></ss:Cell>
<ss:Cell><ss:Data ss:Type="String">.</ss:Data></ss:Cell>
<ss:Cell><ss:Data ss:Type="String">delay-average</ss:Data></ss:Cell>
<ss:Cell><ss:Data ss:Type="String">1279691</ss:Data></ss:Cell>
</ss:Row>
<ss:Row>
<ss:Cell><ss:Data ss:Type="String">run-1-P1QB-90</ss:Data></ss:Cell>
<ss:Cell><ss:Data ss:Type="String">.</ss:Data></ss:Cell>
<ss:Cell><ss:Data ss:Type="String">delay-max</ss:Data></ss:Cell>
<ss:Cell><ss:Data ss:Type="String">5877900</ss:Data></ss:Cell>
</ss:Row>
<ss:Row>
<ss:Cell><ss:Data ss:Type="String">run-1-P1QB-90</ss:Data></ss:Cell>
<ss:Cell><ss:Data ss:Type="String">.</ss:Data></ss:Cell>
<ss:Cell><ss:Data ss:Type="String">delay-min</ss:Data></ss:Cell>
<ss:Cell><ss:Data ss:Type="String">732300</ss:Data></ss:Cell>
</ss:Row>
<ss:Row>
<ss:Cell><ss:Data ss:Type="String">run-1-P1QB-100</ss:Data></ss:Cell>
<ss:Cell><ss:Data ss:Type="String">node[0]</ss:Data></ss:Cell>
<ss:Cell><ss:Data ss:Type="String">wifi-tx-frames</ss:Data></ss:Cell>
<ss:Cell><ss:Data ss:Type="String">401</ss:Data></ss:Cell>
</ss:Row>
<ss:Row>
<ss:Cell><ss:Data ss:Type="String">run-1-P1QB-100</ss:Data></ss:Cell>
<ss:Cell><ss:Data ss:Type="String">node[1]</ss:Data></ss:Cell>
<ss:Cell><ss:Data ss:Type="String">wifi-rx-frames</ss:Data></ss:Cell>
<ss:Cell><ss:Data ss:Type="String">401</ss:Data></ss:Cell>
</ss:Row>
<ss:Row>
<ss:Cell><ss:Data ss:Type="String">run-1-P1QB-100</ss:Data></ss:Cell>
<ss:Cell><ss:Data ss:Type="String">node[0]</ss:Data></ss:Cell>
<ss:Cell><ss:Data ss:Type="String">sender-tx-packets</ss:Data></ss:Cell>
<ss:Cell><ss:Data ss:Type="String">400</ss:Data></ss:Cell>
</ss:Row>
<ss:Row>
<ss:Cell><ss:Data ss:Type="String">run-1-P1QB-100</ss:Data></ss:Cell>
<ss:Cell><ss:Data ss:Type="String">node[1]</ss:Data></ss:Cell>
<ss:Cell><ss:Data ss:Type="String">receiver-rx-packets</ss:Data></ss:Cell>
<ss:Cell><ss:Data ss:Type="String">400</ss:Data></ss:Cell>
</ss:Row>
<ss:Row>
<ss:Cell><ss:Data ss:Type="String">run-1-P1QB-100</ss:Data></ss:Cell>
<ss:Cell><ss:Data ss:Type="String">node[0]</ss:Data></ss:Cell>
<ss:Cell><ss:Data ss:Type="String">tx-pkt-size-count</ss:Data></ss:Cell>
<ss:Cell><ss:Data ss:Type="String">400</ss:Data></ss:Cell>
</ss:Row>
<ss:Row>
<ss:Cell><ss:Data ss:Type="String">run-1-P1QB-100</ss:Data></ss:Cell>
<ss:Cell><ss:Data ss:Type="String">node[0]</ss:Data></ss:Cell>
<ss:Cell><ss:Data ss:Type="String">tx-pkt-size-total</ss:Data></ss:Cell>
<ss:Cell><ss:Data ss:Type="String">400000</ss:Data></ss:Cell>
</ss:Row>
<ss:Row>
<ss:Cell><ss:Data ss:Type="String">run-1-P1QB-100</ss:Data></ss:Cell>
<ss:Cell><ss:Data ss:Type="String">node[0]</ss:Data></ss:Cell>
<ss:Cell><ss:Data ss:Type="String">tx-pkt-size-max</ss:Data></ss:Cell>
<ss:Cell><ss:Data ss:Type="String">1000</ss:Data></ss:Cell>
</ss:Row>
<ss:Row>
<ss:Cell><ss:Data ss:Type="String">run-1-P1QB-100</ss:Data></ss:Cell>
<ss:Cell><ss:Data ss:Type="String">node[0]</ss:Data></ss:Cell>
<ss:Cell><ss:Data ss:Type="String">tx-pkt-size-min</ss:Data></ss:Cell>
<ss:Cell><ss:Data ss:Type="String">1000</ss:Data></ss:Cell>
</ss:Row>
<ss:Row>
<ss:Cell><ss:Data ss:Type="String">run-1-P1QB-100</ss:Data></ss:Cell>
<ss:Cell><ss:Data ss:Type="String">node[0]</ss:Data></ss:Cell>
<ss:Cell><ss:Data ss:Type="String">tx-pkt-size-sqrsum</ss:Data></ss:Cell>
<ss:Cell><ss:Data ss:Type="String">400000000</ss:Data></ss:Cell>
</ss:Row>
<ss:Row>
<ss:Cell><ss:Data ss:Type="String">run-1-P1QB-100</ss:Data></ss:Cell>
<ss:Cell><ss:Data ss:Type="String">node[0]</ss:Data></ss:Cell>
<ss:Cell><ss:Data ss:Type="String">tx-pkt-size-stddev</ss:Data></ss:Cell>
<ss:Cell><ss:Data ss:Type="String">0</ss:Data></ss:Cell>
</ss:Row>
<ss:Row>
<ss:Cell><ss:Data ss:Type="String">run-1-P1QB-100</ss:Data></ss:Cell>
<ss:Cell><ss:Data ss:Type="String">.</ss:Data></ss:Cell>
<ss:Cell><ss:Data ss:Type="String">delay-count</ss:Data></ss:Cell>
<ss:Cell><ss:Data ss:Type="String">400</ss:Data></ss:Cell>
</ss:Row>
<ss:Row>
<ss:Cell><ss:Data ss:Type="String">run-1-P1QB-100</ss:Data></ss:Cell>
<ss:Cell><ss:Data ss:Type="String">.</ss:Data></ss:Cell>
<ss:Cell><ss:Data ss:Type="String">delay-total</ss:Data></ss:Cell>
<ss:Cell><ss:Data ss:Type="String">629707866</ss:Data></ss:Cell>
</ss:Row>
<ss:Row>
<ss:Cell><ss:Data ss:Type="String">run-1-P1QB-100</ss:Data></ss:Cell>
<ss:Cell><ss:Data ss:Type="String">.</ss:Data></ss:Cell>
<ss:Cell><ss:Data ss:Type="String">delay-average</ss:Data></ss:Cell>
<ss:Cell><ss:Data ss:Type="String">1574269</ss:Data></ss:Cell>
</ss:Row>
<ss:Row>
<ss:Cell><ss:Data ss:Type="String">run-1-P1QB-100</ss:Data></ss:Cell>
<ss:Cell><ss:Data ss:Type="String">.</ss:Data></ss:Cell>
<ss:Cell><ss:Data ss:Type="String">delay-max</ss:Data></ss:Cell>
<ss:Cell><ss:Data ss:Type="String">5877999</ss:Data></ss:Cell>
</ss:Row>
<ss:Row>
<ss:Cell><ss:Data ss:Type="String">run-1-P1QB-100</ss:Data></ss:Cell>
<ss:Cell><ss:Data ss:Type="String">.</ss:Data></ss:Cell>
<ss:Cell><ss:Data ss:Type="String">delay-min</ss:Data></ss:Cell>
<ss:Cell><ss:Data ss:Type="String">1444333</ss:Data></ss:Cell>
</ss:Row>
<ss:Row>
<ss:Cell><ss:Data ss:Type="String">run-1-P1QB-110</ss:Data></ss:Cell>
<ss:Cell><ss:Data ss:Type="String">node[0]</ss:Data></ss:Cell>
<ss:Cell><ss:Data ss:Type="String">wifi-tx-frames</ss:Data></ss:Cell>
<ss:Cell><ss:Data ss:Type="String">401</ss:Data></ss:Cell>
</ss:Row>
<ss:Row>
<ss:Cell><ss:Data ss:Type="String">run-1-P1QB-110</ss:Data></ss:Cell>
<ss:Cell><ss:Data ss:Type="String">node[1]</ss:Data></ss:Cell>
<ss:Cell><ss:Data ss:Type="String">wifi-rx-frames</ss:Data></ss:Cell>
<ss:Cell><ss:Data ss:Type="String">401</ss:Data></ss:Cell>
</ss:Row>
<ss:Row>
<ss:Cell><ss:Data ss:Type="String">run-1-P1QB-110</ss:Data></ss:Cell>
<ss:Cell><ss:Data ss:Type="String">node[0]</ss:Data></ss:Cell>
<ss:Cell><ss:Data ss:Type="String">sender-tx-packets</ss:Data></ss:Cell>
<ss:Cell><ss:Data ss:Type="String">400</ss:Data></ss:Cell>
</ss:Row>
<ss:Row>
<ss:Cell><ss:Data ss:Type="String">run-1-P1QB-110</ss:Data></ss:Cell>
<ss:Cell><ss:Data ss:Type="String">node[1]</ss:Data></ss:Cell>
<ss:Cell><ss:Data ss:Type="String">receiver-rx-packets</ss:Data></ss:Cell>
<ss:Cell><ss:Data ss:Type="String">400</ss:Data></ss:Cell>
</ss:Row>
<ss:Row>
<ss:Cell><ss:Data ss:Type="String">run-1-P1QB-110</ss:Data></ss:Cell>
<ss:Cell><ss:Data ss:Type="String">node[0]</ss:Data></ss:Cell>
<ss:Cell><ss:Data ss:Type="String">tx-pkt-size-count</ss:Data></ss:Cell>
<ss:Cell><ss:Data ss:Type="String">400</ss:Data></ss:Cell>
</ss:Row>
<ss:Row>
<ss:Cell><ss:Data ss:Type="String">run-1-P1QB-110</ss:Data></ss:Cell>
<ss:Cell><ss:Data ss:Type="String">node[0]</ss:Data></ss:Cell>
<ss:Cell><ss:Data ss:Type="String">tx-pkt-size-total</ss:Data></ss:Cell>
<ss:Cell><ss:Data ss:Type="String">400000</ss:Data></ss:Cell>
</ss:Row>
<ss:Row>
<ss:Cell><ss:Data ss:Type="String">run-1-P1QB-110</ss:Data></ss:Cell>
<ss:Cell><ss:Data ss:Type="String">node[0]</ss:Data></ss:Cell>
<ss:Cell><ss:Data ss:Type="String">tx-pkt-size-max</ss:Data></ss:Cell>
<ss:Cell><ss:Data ss:Type="String">1000</ss:Data></ss:Cell>
</ss:Row>
<ss:Row>
<ss:Cell><ss:Data ss:Type="String">run-1-P1QB-110</ss:Data></ss:Cell>
<ss:Cell><ss:Data ss:Type="String">node[0]</ss:Data></ss:Cell>
<ss:Cell><ss:Data ss:Type="String">tx-pkt-size-min</ss:Data></ss:Cell>
<ss:Cell><ss:Data ss:Type="String">1000</ss:Data></ss:Cell>
</ss:Row>
<ss:Row>
<ss:Cell><ss:Data ss:Type="String">run-1-P1QB-110</ss:Data></ss:Cell>
<ss:Cell><ss:Data ss:Type="String">node[0]</ss:Data></ss:Cell>
<ss:Cell><ss:Data ss:Type="String">tx-pkt-size-sqrsum</ss:Data></ss:Cell>
<ss:Cell><ss:Data ss:Type="String">400000000</ss:Data></ss:Cell>
</ss:Row>
<ss:Row>
<ss:Cell><ss:Data ss:Type="String">run-1-P1QB-110</ss:Data></ss:Cell>
<ss:Cell><ss:Data ss:Type="String">node[0]</ss:Data></ss:Cell>
<ss:Cell><ss:Data ss:Type="String">tx-pkt-size-stddev</ss:Data></ss:Cell>
<ss:Cell><ss:Data ss:Type="String">0</ss:Data></ss:Cell>
</ss:Row>
<ss:Row>
<ss:Cell><ss:Data ss:Type="String">run-1-P1QB-110</ss:Data></ss:Cell>
<ss:Cell><ss:Data ss:Type="String">.</ss:Data></ss:Cell>
<ss:Cell><ss:Data ss:Type="String">delay-count</ss:Data></ss:Cell>
<ss:Cell><ss:Data ss:Type="String">400</ss:Data></ss:Cell>
</ss:Row>
<ss:Row>
<ss:Cell><ss:Data ss:Type="String">run-1-P1QB-110</ss:Data></ss:Cell>
<ss:Cell><ss:Data ss:Type="String">.</ss:Data></ss:Cell>
<ss:Cell><ss:Data ss:Type="String">delay-total</ss:Data></ss:Cell>
<ss:Cell><ss:Data ss:Type="String">689322132</ss:Data></ss:Cell>
</ss:Row>
<ss:Row>
<ss:Cell><ss:Data ss:Type="String">run-1-P1QB-110</ss:Data></ss:Cell>
<ss:Cell><ss:Data ss:Type="String">.</ss:Data></ss:Cell>
<ss:Cell><ss:Data ss:Type="String">delay-average</ss:Data></ss:Cell>
<ss:Cell><ss:Data ss:Type="String">1723305</ss:Data></ss:Cell>
</ss:Row>
<ss:Row>
<ss:Cell><ss:Data ss:Type="String">run-1-P1QB-110</ss:Data></ss:Cell>
<ss:Cell><ss:Data ss:Type="String">.</ss:Data></ss:Cell>
<ss:Cell><ss:Data ss:Type="String">delay-max</ss:Data></ss:Cell>
<ss:Cell><ss:Data ss:Type="String">5878098</ss:Data></ss:Cell>
</ss:Row>
<ss:Row>
<ss:Cell><ss:Data ss:Type="String">run-1-P1QB-110</ss:Data></ss:Cell>
<ss:Cell><ss:Data ss:Type="String">.</ss:Data></ss:Cell>
<ss:Cell><ss:Data ss:Type="String">delay-min</ss:Data></ss:Cell>
<ss:Cell><ss:Data ss:Type="String">1444366</ss:Data></ss:Cell>
</ss:Row>
<ss:Row>
<ss:Cell><ss:Data ss:Type="String">run-1-P1QB-120</ss:Data></ss:Cell>
<ss:Cell><ss:Data ss:Type="String">node[0]</ss:Data></ss:Cell>
<ss:Cell><ss:Data ss:Type="String">wifi-tx-frames</ss:Data></ss:Cell>
<ss:Cell><ss:Data ss:Type="String">384</ss:Data></ss:Cell>
</ss:Row>
<ss:Row>
<ss:Cell><ss:Data ss:Type="String">run-1-P1QB-120</ss:Data></ss:Cell>
<ss:Cell><ss:Data ss:Type="String">node[1]</ss:Data></ss:Cell>
<ss:Cell><ss:Data ss:Type="String">wifi-rx-frames</ss:Data></ss:Cell>
<ss:Cell><ss:Data ss:Type="String">14</ss:Data></ss:Cell>
</ss:Row>
<ss:Row>
<ss:Cell><ss:Data ss:Type="String">run-1-P1QB-120</ss:Data></ss:Cell>
<ss:Cell><ss:Data ss:Type="String">node[0]</ss:Data></ss:Cell>
<ss:Cell><ss:Data ss:Type="String">sender-tx-packets</ss:Data></ss:Cell>
<ss:Cell><ss:Data ss:Type="String">400</ss:Data></ss:Cell>
</ss:Row>
<ss:Row>
<ss:Cell><ss:Data ss:Type="String">run-1-P1QB-120</ss:Data></ss:Cell>
<ss:Cell><ss:Data ss:Type="String">node[1]</ss:Data></ss:Cell>
<ss:Cell><ss:Data ss:Type="String">receiver-rx-packets</ss:Data></ss:Cell>
<ss:Cell><ss:Data ss:Type="String">13</ss:Data></ss:Cell>
</ss:Row>
<ss:Row>
<ss:Cell><ss:Data ss:Type="String">run-1-P1QB-120</ss:Data></ss:Cell>
<ss:Cell><ss:Data ss:Type="String">node[0]</ss:Data></ss:Cell>
<ss:Cell><ss:Data ss:Type="String">tx-pkt-size-count</ss:Data></ss:Cell>
<ss:Cell><ss:Data ss:Type="String">400</ss:Data></ss:Cell>
</ss:Row>
<ss:Row>
<ss:Cell><ss:Data ss:Type="String">run-1-P1QB-120</ss:Data></ss:Cell>
<ss:Cell><ss:Data ss:Type="String">node[0]</ss:Data></ss:Cell>
<ss:Cell><ss:Data ss:Type="String">tx-pkt-size-total</ss:Data></ss:Cell>
<ss:Cell><ss:Data ss:Type="String">400000</ss:Data></ss:Cell>
</ss:Row>
<ss:Row>
<ss:Cell><ss:Data ss:Type="String">run-1-P1QB-120</ss:Data></ss:Cell>
<ss:Cell><ss:Data ss:Type="String">node[0]</ss:Data></ss:Cell>
<ss:Cell><ss:Data ss:Type="String">tx-pkt-size-max</ss:Data></ss:Cell>
<ss:Cell><ss:Data ss:Type="String">1000</ss:Data></ss:Cell>
</ss:Row>
<ss:Row>
<ss:Cell><ss:Data ss:Type="String">run-1-P1QB-120</ss:Data></ss:Cell>
<ss:Cell><ss:Data ss:Type="String">node[0]</ss:Data></ss:Cell>
<ss:Cell><ss:Data ss:Type="String">tx-pkt-size-min</ss:Data></ss:Cell>
<ss:Cell><ss:Data ss:Type="String">1000</ss:Data></ss:Cell>
</ss:Row>
<ss:Row>
<ss:Cell><ss:Data ss:Type="String">run-1-P1QB-120</ss:Data></ss:Cell>
<ss:Cell><ss:Data ss:Type="String">node[0]</ss:Data></ss:Cell>
<ss:Cell><ss:Data ss:Type="String">tx-pkt-size-sqrsum</ss:Data></ss:Cell>
<ss:Cell><ss:Data ss:Type="String">400000000</ss:Data></ss:Cell>
</ss:Row>
<ss:Row>
<ss:Cell><ss:Data ss:Type="String">run-1-P1QB-120</ss:Data></ss:Cell>
<ss:Cell><ss:Data ss:Type="String">node[0]</ss:Data></ss:Cell>
<ss:Cell><ss:Data ss:Type="String">tx-pkt-size-stddev</ss:Data></ss:Cell>
<ss:Cell><ss:Data ss:Type="String">0</ss:Data></ss:Cell>
</ss:Row>
<ss:Row>
<ss:Cell><ss:Data ss:Type="String">run-1-P1QB-120</ss:Data></ss:Cell>
<ss:Cell><ss:Data ss:Type="String">.</ss:Data></ss:Cell>
<ss:Cell><ss:Data ss:Type="String">delay-count</ss:Data></ss:Cell>
<ss:Cell><ss:Data ss:Type="String">13</ss:Data></ss:Cell>
</ss:Row>
<ss:Row>
<ss:Cell><ss:Data ss:Type="String">run-1-P1QB-120</ss:Data></ss:Cell>
<ss:Cell><ss:Data ss:Type="String">.</ss:Data></ss:Cell>
<ss:Cell><ss:Data ss:Type="String">delay-total</ss:Data></ss:Cell>
<ss:Cell><ss:Data ss:Type="String">121710200</ss:Data></ss:Cell>
</ss:Row>
<ss:Row>
<ss:Cell><ss:Data ss:Type="String">run-1-P1QB-120</ss:Data></ss:Cell>
<ss:Cell><ss:Data ss:Type="String">.</ss:Data></ss:Cell>
<ss:Cell><ss:Data ss:Type="String">delay-average</ss:Data></ss:Cell>
<ss:Cell><ss:Data ss:Type="String">9362323</ss:Data></ss:Cell>
</ss:Row>
<ss:Row>
<ss:Cell><ss:Data ss:Type="String">run-1-P1QB-120</ss:Data></ss:Cell>
<ss:Cell><ss:Data ss:Type="String">.</ss:Data></ss:Cell>
<ss:Cell><ss:Data ss:Type="String">delay-max</ss:Data></ss:Cell>
<ss:Cell><ss:Data ss:Type="String">19609400</ss:Data></ss:Cell>
</ss:Row>
<ss:Row>
<ss:Cell><ss:Data ss:Type="String">run-1-P1QB-120</ss:Data></ss:Cell>
<ss:Cell><ss:Data ss:Type="String">.</ss:Data></ss:Cell>
<ss:Cell><ss:Data ss:Type="String">delay-min</ss:Data></ss:Cell>
<ss:Cell><ss:Data ss:Type="String">1444400</ss:Data></ss:Cell>
</ss:Row>
<ss:Row>
<ss:Cell><ss:Data ss:Type="String">run-1-P1QB-130</ss:Data></ss:Cell>
<ss:Cell><ss:Data ss:Type="String">node[0]</ss:Data></ss:Cell>
<ss:Cell><ss:Data ss:Type="String">wifi-tx-frames</ss:Data></ss:Cell>
<ss:Cell><ss:Data ss:Type="String">4</ss:Data></ss:Cell>
</ss:Row>
<ss:Row>
<ss:Cell><ss:Data ss:Type="String">run-1-P1QB-130</ss:Data></ss:Cell>
<ss:Cell><ss:Data ss:Type="String">node[1]</ss:Data></ss:Cell>
<ss:Cell><ss:Data ss:Type="String">wifi-rx-frames</ss:Data></ss:Cell>
<ss:Cell><ss:Data ss:Type="String">0</ss:Data></ss:Cell>
</ss:Row>
<ss:Row>
<ss:Cell><ss:Data ss:Type="String">run-1-P1QB-130</ss:Data></ss:Cell>
<ss:Cell><ss:Data ss:Type="String">node[0]</ss:Data></ss:Cell>
<ss:Cell><ss:Data ss:Type="String">sender-tx-packets</ss:Data></ss:Cell>
<ss:Cell><ss:Data ss:Type="String">400</ss:Data></ss:Cell>
</ss:Row>
<ss:Row>
<ss:Cell><ss:Data ss:Type="String">run-1-P1QB-130</ss:Data></ss:Cell>
<ss:Cell><ss:Data ss:Type="String">node[1]</ss:Data></ss:Cell>
<ss:Cell><ss:Data ss:Type="String">receiver-rx-packets</ss:Data></ss:Cell>
<ss:Cell><ss:Data ss:Type="String">0</ss:Data></ss:Cell>
</ss:Row>
<ss:Row>
<ss:Cell><ss:Data ss:Type="String">run-1-P1QB-130</ss:Data></ss:Cell>
<ss:Cell><ss:Data ss:Type="String">node[0]</ss:Data></ss:Cell>
<ss:Cell><ss:Data ss:Type="String">tx-pkt-size-count</ss:Data></ss:Cell>
<ss:Cell><ss:Data ss:Type="String">400</ss:Data></ss:Cell>
</ss:Row>
<ss:Row>
<ss:Cell><ss:Data ss:Type="String">run-1-P1QB-130</ss:Data></ss:Cell>
<ss:Cell><ss:Data ss:Type="String">node[0]</ss:Data></ss:Cell>
<ss:Cell><ss:Data ss:Type="String">tx-pkt-size-total</ss:Data></ss:Cell>
<ss:Cell><ss:Data ss:Type="String">400000</ss:Data></ss:Cell>
</ss:Row>
<ss:Row>
<ss:Cell><ss:Data ss:Type="String">run-1-P1QB-130</ss:Data></ss:Cell>
<ss:Cell><ss:Data ss:Type="String">node[0]</ss:Data></ss:Cell>
<ss:Cell><ss:Data ss:Type="String">tx-pkt-size-max</ss:Data></ss:Cell>
<ss:Cell><ss:Data ss:Type="String">1000</ss:Data></ss:Cell>
</ss:Row>
<ss:Row>
<ss:Cell><ss:Data ss:Type="String">run-1-P1QB-130</ss:Data></ss:Cell>
<ss:Cell><ss:Data ss:Type="String">node[0]</ss:Data></ss:Cell>
<ss:Cell><ss:Data ss:Type="String">tx-pkt-size-min</ss:Data></ss:Cell>
<ss:Cell><ss:Data ss:Type="String">1000</ss:Data></ss:Cell>
</ss:Row>
<ss:Row>
<ss:Cell><ss:Data ss:Type="String">run-1-P1QB-130</ss:Data></ss:Cell>
<ss:Cell><ss:Data ss:Type="String">node[0]</ss:Data></ss:Cell>
<ss:Cell><ss:Data ss:Type="String">tx-pkt-size-sqrsum</ss:Data></ss:Cell>
<ss:Cell><ss:Data ss:Type="String">400000000</ss:Data></ss:Cell>
</ss:Row>
<ss:Row>
<ss:Cell><ss:Data ss:Type="String">run-1-P1QB-130</ss:Data></ss:Cell>
<ss:Cell><ss:Data ss:Type="String">node[0]</ss:Data></ss:Cell>
<ss:Cell><ss:Data ss:Type="String">tx-pkt-size-stddev</ss:Data></ss:Cell>
<ss:Cell><ss:Data ss:Type="String">0</ss:Data></ss:Cell>
</ss:Row>
<ss:Row>
<ss:Cell><ss:Data ss:Type="String">run-1-P1QB-130</ss:Data></ss:Cell>
<ss:Cell><ss:Data ss:Type="String">.</ss:Data></ss:Cell>
<ss:Cell><ss:Data ss:Type="String">delay-count</ss:Data></ss:Cell>
<ss:Cell><ss:Data ss:Type="String">0</ss:Data></ss:Cell>
</ss:Row>
<ss:Row>
<ss:Cell><ss:Data ss:Type="String">run-1-P1QB-140</ss:Data></ss:Cell>
<ss:Cell><ss:Data ss:Type="String">node[0]</ss:Data></ss:Cell>
<ss:Cell><ss:Data ss:Type="String">wifi-tx-frames</ss:Data></ss:Cell>
<ss:Cell><ss:Data ss:Type="String">4</ss:Data></ss:Cell>
</ss:Row>
<ss:Row>
<ss:Cell><ss:Data ss:Type="String">run-1-P1QB-140</ss:Data></ss:Cell>
<ss:Cell><ss:Data ss:Type="String">node[1]</ss:Data></ss:Cell>
<ss:Cell><ss:Data ss:Type="String">wifi-rx-frames</ss:Data></ss:Cell>
<ss:Cell><ss:Data ss:Type="String">0</ss:Data></ss:Cell>
</ss:Row>
<ss:Row>
<ss:Cell><ss:Data ss:Type="String">run-1-P1QB-140</ss:Data></ss:Cell>
<ss:Cell><ss:Data ss:Type="String">node[0]</ss:Data></ss:Cell>
<ss:Cell><ss:Data ss:Type="String">sender-tx-packets</ss:Data></ss:Cell>
<ss:Cell><ss:Data ss:Type="String">400</ss:Data></ss:Cell>
</ss:Row>
<ss:Row>
<ss:Cell><ss:Data ss:Type="String">run-1-P1QB-140</ss:Data></ss:Cell>
<ss:Cell><ss:Data ss:Type="String">node[1]</ss:Data></ss:Cell>
<ss:Cell><ss:Data ss:Type="String">receiver-rx-packets</ss:Data></ss:Cell>
<ss:Cell><ss:Data ss:Type="String">0</ss:Data></ss:Cell>
</ss:Row>
<ss:Row>
<ss:Cell><ss:Data ss:Type="String">run-1-P1QB-140</ss:Data></ss:Cell>
<ss:Cell><ss:Data ss:Type="String">node[0]</ss:Data></ss:Cell>
<ss:Cell><ss:Data ss:Type="String">tx-pkt-size-count</ss:Data></ss:Cell>
<ss:Cell><ss:Data ss:Type="String">400</ss:Data></ss:Cell>
</ss:Row>
<ss:Row>
<ss:Cell><ss:Data ss:Type="String">run-1-P1QB-140</ss:Data></ss:Cell>
<ss:Cell><ss:Data ss:Type="String">node[0]</ss:Data></ss:Cell>
<ss:Cell><ss:Data ss:Type="String">tx-pkt-size-total</ss:Data></ss:Cell>
<ss:Cell><ss:Data ss:Type="String">400000</ss:Data></ss:Cell>
</ss:Row>
<ss:Row>
<ss:Cell><ss:Data ss:Type="String">run-1-P1QB-140</ss:Data></ss:Cell>
<ss:Cell><ss:Data ss:Type="String">node[0]</ss:Data></ss:Cell>
<ss:Cell><ss:Data ss:Type="String">tx-pkt-size-max</ss:Data></ss:Cell>
<ss:Cell><ss:Data ss:Type="String">1000</ss:Data></ss:Cell>
</ss:Row>
<ss:Row>
<ss:Cell><ss:Data ss:Type="String">run-1-P1QB-140</ss:Data></ss:Cell>
<ss:Cell><ss:Data ss:Type="String">node[0]</ss:Data></ss:Cell>
<ss:Cell><ss:Data ss:Type="String">tx-pkt-size-min</ss:Data></ss:Cell>
<ss:Cell><ss:Data ss:Type="String">1000</ss:Data></ss:Cell>
</ss:Row>
<ss:Row>
<ss:Cell><ss:Data ss:Type="String">run-1-P1QB-140</ss:Data></ss:Cell>
<ss:Cell><ss:Data ss:Type="String">node[0]</ss:Data></ss:Cell>
<ss:Cell><ss:Data ss:Type="String">tx-pkt-size-sqrsum</ss:Data></ss:Cell>
<ss:Cell><ss:Data ss:Type="String">400000000</ss:Data></ss:Cell>
</ss:Row>
<ss:Row>
<ss:Cell><ss:Data ss:Type="String">run-1-P1QB-140</ss:Data></ss:Cell>
<ss:Cell><ss:Data ss:Type="String">node[0]</ss:Data></ss:Cell>
<ss:Cell><ss:Data ss:Type="String">tx-pkt-size-stddev</ss:Data></ss:Cell>
<ss:Cell><ss:Data ss:Type="String">0</ss:Data></ss:Cell>
</ss:Row>
<ss:Row>
<ss:Cell><ss:Data ss:Type="String">run-1-P1QB-140</ss:Data></ss:Cell>
<ss:Cell><ss:Data ss:Type="String">.</ss:Data></ss:Cell>
<ss:Cell><ss:Data ss:Type="String">delay-count</ss:Data></ss:Cell>
<ss:Cell><ss:Data ss:Type="String">0</ss:Data></ss:Cell>
</ss:Row>
<ss:Row>
<ss:Cell><ss:Data ss:Type="String">run-1-P1QB-150</ss:Data></ss:Cell>
<ss:Cell><ss:Data ss:Type="String">node[0]</ss:Data></ss:Cell>
<ss:Cell><ss:Data ss:Type="String">wifi-tx-frames</ss:Data></ss:Cell>
<ss:Cell><ss:Data ss:Type="String">4</ss:Data></ss:Cell>
</ss:Row>
<ss:Row>
<ss:Cell><ss:Data ss:Type="String">run-1-P1QB-150</ss:Data></ss:Cell>
<ss:Cell><ss:Data ss:Type="String">node[1]</ss:Data></ss:Cell>
<ss:Cell><ss:Data ss:Type="String">wifi-rx-frames</ss:Data></ss:Cell>
<ss:Cell><ss:Data ss:Type="String">0</ss:Data></ss:Cell>
</ss:Row>
<ss:Row>
<ss:Cell><ss:Data ss:Type="String">run-1-P1QB-150</ss:Data></ss:Cell>
<ss:Cell><ss:Data ss:Type="String">node[0]</ss:Data></ss:Cell>
<ss:Cell><ss:Data ss:Type="String">sender-tx-packets</ss:Data></ss:Cell>
<ss:Cell><ss:Data ss:Type="String">400</ss:Data></ss:Cell>
</ss:Row>
<ss:Row>
<ss:Cell><ss:Data ss:Type="String">run-1-P1QB-150</ss:Data></ss:Cell>
<ss:Cell><ss:Data ss:Type="String">node[1]</ss:Data></ss:Cell>
<ss:Cell><ss:Data ss:Type="String">receiver-rx-packets</ss:Data></ss:Cell>
<ss:Cell><ss:Data ss:Type="String">0</ss:Data></ss:Cell>
</ss:Row>
<ss:Row>
<ss:Cell><ss:Data ss:Type="String">run-1-P1QB-150</ss:Data></ss:Cell>
<ss:Cell><ss:Data ss:Type="String">node[0]</ss:Data></ss:Cell>
<ss:Cell><ss:Data ss:Type="String">tx-pkt-size-count</ss:Data></ss:Cell>
<ss:Cell><ss:Data ss:Type="String">400</ss:Data></ss:Cell>
</ss:Row>
<ss:Row>
<ss:Cell><ss:Data ss:Type="String">run-1-P1QB-150</ss:Data></ss:Cell>
<ss:Cell><ss:Data ss:Type="String">node[0]</ss:Data></ss:Cell>
<ss:Cell><ss:Data ss:Type="String">tx-pkt-size-total</ss:Data></ss:Cell>
<ss:Cell><ss:Data ss:Type="String">400000</ss:Data></ss:Cell>
</ss:Row>
<ss:Row>
<ss:Cell><ss:Data ss:Type="String">run-1-P1QB-150</ss:Data></ss:Cell>
<ss:Cell><ss:Data ss:Type="String">node[0]</ss:Data></ss:Cell>
<ss:Cell><ss:Data ss:Type="String">tx-pkt-size-max</ss:Data></ss:Cell>
<ss:Cell><ss:Data ss:Type="String">1000</ss:Data></ss:Cell>
</ss:Row>
<ss:Row>
<ss:Cell><ss:Data ss:Type="String">run-1-P1QB-150</ss:Data></ss:Cell>
<ss:Cell><ss:Data ss:Type="String">node[0]</ss:Data></ss:Cell>
<ss:Cell><ss:Data ss:Type="String">tx-pkt-size-min</ss:Data></ss:Cell>
<ss:Cell><ss:Data ss:Type="String">1000</ss:Data></ss:Cell>
</ss:Row>
<ss:Row>
<ss:Cell><ss:Data ss:Type="String">run-1-P1QB-150</ss:Data></ss:Cell>
<ss:Cell><ss:Data ss:Type="String">node[0]</ss:Data></ss:Cell>
<ss:Cell><ss:Data ss:Type="String">tx-pkt-size-sqrsum</ss:Data></ss:Cell>
<ss:Cell><ss:Data ss:Type="String">400000000</ss:Data></ss:Cell>
</ss:Row>
<ss:Row>
<ss:Cell><ss:Data ss:Type="String">run-1-P1QB-150</ss:Data></ss:Cell>
<ss:Cell><ss:Data ss:Type="String">node[0]</ss:Data></ss:Cell>
<ss:Cell><ss:Data ss:Type="String">tx-pkt-size-stddev</ss:Data></ss:Cell>
<ss:Cell><ss:Data ss:Type="String">0</ss:Data></ss:Cell>
</ss:Row>
<ss:Row>
<ss:Cell><ss:Data ss:Type="String">run-1-P1QB-150</ss:Data></ss:Cell>
<ss:Cell><ss:Data ss:Type="String">.</ss:Data></ss:Cell>
<ss:Cell><ss:Data ss:Type="String">delay-count</ss:Data></ss:Cell>
<ss:Cell><ss:Data ss:Type="String">0</ss:Data></ss:Cell>
</ss:Row>
</ss:Table>
</ss:Worksheet>
</ss:Workbook>
