<?xml version="1.0"?>
<ss:Workbook xmlns:ss="urn:schemas-microsoft-com:office:spreadsheet">
<ss:Styles><ss:Style ss:ID="1"><ss:Font ss:Bold="1"/></ss:Style></ss:Styles>
<ss:Worksheet ss:Name="Sqliteman Export">
<ss:Table>
<ss:Column ss:Width="100"/>
<ss:Column ss:Width="100"/>
<ss:Column ss:Width="100"/>
<ss:Column ss:Width="100"/>
<ss:Row ss:StyleID="1">
<ss:Cell><ss:Data ss:Type="String">run</ss:Data></ss:Cell>
<ss:Cell><ss:Data ss:Type="String">name</ss:Data></ss:Cell>
<ss:Cell><ss:Data ss:Type="String">variable</ss:Data></ss:Cell>
<ss:Cell><ss:Data ss:Type="String">value</ss:Data></ss:Cell>
</ss:Row>
<ss:Row>
<ss:Cell><ss:Data ss:Type="String">run-P1QAP1-1</ss:Data></ss:Cell>
<ss:Cell><ss:Data ss:Type="String">node[0]</ss:Data></ss:Cell>
<ss:Cell><ss:Data ss:Type="String">wifi-tx-frames</ss:Data></ss:Cell>
<ss:Cell><ss:Data ss:Type="String">401</ss:Data></ss:Cell>
</ss:Row>
<ss:Row>
<ss:Cell><ss:Data ss:Type="String">run-P1QAP1-1</ss:Data></ss:Cell>
<ss:Cell><ss:Data ss:Type="String">node[1]</ss:Data></ss:Cell>
<ss:Cell><ss:Data ss:Type="String">wifi-rx-frames</ss:Data></ss:Cell>
<ss:Cell><ss:Data ss:Type="String">401</ss:Data></ss:Cell>
</ss:Row>
<ss:Row>
<ss:Cell><ss:Data ss:Type="String">run-P1QAP1-1</ss:Data></ss:Cell>
<ss:Cell><ss:Data ss:Type="String">node[0]</ss:Data></ss:Cell>
<ss:Cell><ss:Data ss:Type="String">sender-tx-packets</ss:Data></ss:Cell>
<ss:Cell><ss:Data ss:Type="String">400</ss:Data></ss:Cell>
</ss:Row>
<ss:Row>
<ss:Cell><ss:Data ss:Type="String">run-P1QAP1-1</ss:Data></ss:Cell>
<ss:Cell><ss:Data ss:Type="String">node[1]</ss:Data></ss:Cell>
<ss:Cell><ss:Data ss:Type="String">receiver-rx-packets</ss:Data></ss:Cell>
<ss:Cell><ss:Data ss:Type="String">400</ss:Data></ss:Cell>
</ss:Row>
<ss:Row>
<ss:Cell><ss:Data ss:Type="String">run-P1QAP1-1</ss:Data></ss:Cell>
<ss:Cell><ss:Data ss:Type="String">node[0]</ss:Data></ss:Cell>
<ss:Cell><ss:Data ss:Type="String">tx-pkt-size-count</ss:Data></ss:Cell>
<ss:Cell><ss:Data ss:Type="String">400</ss:Data></ss:Cell>
</ss:Row>
<ss:Row>
<ss:Cell><ss:Data ss:Type="String">run-P1QAP1-1</ss:Data></ss:Cell>
<ss:Cell><ss:Data ss:Type="String">node[0]</ss:Data></ss:Cell>
<ss:Cell><ss:Data ss:Type="String">tx-pkt-size-total</ss:Data></ss:Cell>
<ss:Cell><ss:Data ss:Type="String">400000</ss:Data></ss:Cell>
</ss:Row>
<ss:Row>
<ss:Cell><ss:Data ss:Type="String">run-P1QAP1-1</ss:Data></ss:Cell>
<ss:Cell><ss:Data ss:Type="String">node[0]</ss:Data></ss:Cell>
<ss:Cell><ss:Data ss:Type="String">tx-pkt-size-max</ss:Data></ss:Cell>
<ss:Cell><ss:Data ss:Type="String">1000</ss:Data></ss:Cell>
</ss:Row>
<ss:Row>
<ss:Cell><ss:Data ss:Type="String">run-P1QAP1-1</ss:Data></ss:Cell>
<ss:Cell><ss:Data ss:Type="String">node[0]</ss:Data></ss:Cell>
<ss:Cell><ss:Data ss:Type="String">tx-pkt-size-min</ss:Data></ss:Cell>
<ss:Cell><ss:Data ss:Type="String">1000</ss:Data></ss:Cell>
</ss:Row>
<ss:Row>
<ss:Cell><ss:Data ss:Type="String">run-P1QAP1-1</ss:Data></ss:Cell>
<ss:Cell><ss:Data ss:Type="String">node[0]</ss:Data></ss:Cell>
<ss:Cell><ss:Data ss:Type="String">tx-pkt-size-sqrsum</ss:Data></ss:Cell>
<ss:Cell><ss:Data ss:Type="String">400000000</ss:Data></ss:Cell>
</ss:Row>
<ss:Row>
<ss:Cell><ss:Data ss:Type="String">run-P1QAP1-1</ss:Data></ss:Cell>
<ss:Cell><ss:Data ss:Type="String">node[0]</ss:Data></ss:Cell>
<ss:Cell><ss:Data ss:Type="String">tx-pkt-size-stddev</ss:Data></ss:Cell>
<ss:Cell><ss:Data ss:Type="String">0</ss:Data></ss:Cell>
</ss:Row>
<ss:Row>
<ss:Cell><ss:Data ss:Type="String">run-P1QAP1-1</ss:Data></ss:Cell>
<ss:Cell><ss:Data ss:Type="String">.</ss:Data></ss:Cell>
<ss:Cell><ss:Data ss:Type="String">delay-count</ss:Data></ss:Cell>
<ss:Cell><ss:Data ss:Type="String">400</ss:Data></ss:Cell>
</ss:Row>
<ss:Row>
<ss:Cell><ss:Data ss:Type="String">run-P1QAP1-1</ss:Data></ss:Cell>
<ss:Cell><ss:Data ss:Type="String">.</ss:Data></ss:Cell>
<ss:Cell><ss:Data ss:Type="String">delay-total</ss:Data></ss:Cell>
<ss:Cell><ss:Data ss:Type="String">196152732</ss:Data></ss:Cell>
</ss:Row>
<ss:Row>
<ss:Cell><ss:Data ss:Type="String">run-P1QAP1-1</ss:Data></ss:Cell>
<ss:Cell><ss:Data ss:Type="String">.</ss:Data></ss:Cell>
<ss:Cell><ss:Data ss:Type="String">delay-average</ss:Data></ss:Cell>
<ss:Cell><ss:Data ss:Type="String">490381</ss:Data></ss:Cell>
</ss:Row>
<ss:Row>
<ss:Cell><ss:Data ss:Type="String">run-P1QAP1-1</ss:Data></ss:Cell>
<ss:Cell><ss:Data ss:Type="String">.</ss:Data></ss:Cell>
<ss:Cell><ss:Data ss:Type="String">delay-max</ss:Data></ss:Cell>
<ss:Cell><ss:Data ss:Type="String">5877498</ss:Data></ss:Cell>
</ss:Row>
<ss:Row>
<ss:Cell><ss:Data ss:Type="String">run-P1QAP1-1</ss:Data></ss:Cell>
<ss:Cell><ss:Data ss:Type="String">.</ss:Data></ss:Cell>
<ss:Cell><ss:Data ss:Type="String">delay-min</ss:Data></ss:Cell>
<ss:Cell><ss:Data ss:Type="String">376166</ss:Data></ss:Cell>
</ss:Row>
</ss:Table>
</ss:Worksheet>
</ss:Workbook>
